Date,Call_Max_Daily,Put_Max_Daily,equity_open,high_equity,low_equity,close_equity,Max,weekday,spy_direction_lag1,intraday_range_lag1,spy_direction_lag2,day_classification,d1,d2,d3,d4,d5,weekday_encoded
2023-01-03,1.0,10.88,385.29,385.4,377.831,380.84,10.88,Tuesday,,,,very_high,,,,,,3
2023-01-04,2.3636363636363638,1.4193548387096775,382.63,385.88,380.0,383.74,2.3636363636363638,Wednesday,-4.4500000000000455,7.56899999999996,,high,very_high,,,,,4
2023-01-05,1.411764705882353,1.0787545787545787,379.71,381.84,378.76,379.4,1.411764705882353,Thursday,1.1100000000000136,5.8799999999999955,-4.4500000000000455,low,high,very_high,,,,2
2023-01-06,13.225806451612902,1.0,380.21,389.25,379.4127,388.03,13.225806451612902,Friday,-0.3100000000000023,3.079999999999984,1.1100000000000136,very_high,low,high,very_high,,,0
2023-01-09,2.7906976744186047,1.7050691244239633,390.49,393.7,387.67,387.8657,2.7906976744186047,Monday,7.819999999999993,9.837300000000027,-0.3100000000000023,high,very_high,low,high,very_high,,1
2023-01-10,1.4805825242718444,1.59375,388.42,390.65,386.27,390.63,1.59375,Tuesday,-2.624300000000005,6.029999999999973,7.819999999999993,average,high,very_high,low,high,very_high,3
2023-01-11,1.46,1.5357142857142858,393.0,395.6,391.38,395.5,1.5357142857142858,Wednesday,2.2099999999999795,4.3799999999999955,-2.624300000000005,average,average,high,very_high,low,high,4
2023-01-12,2.956521739130435,1.0,393.36,398.485,392.42,396.94,2.956521739130435,Thursday,2.5,4.220000000000027,2.2099999999999795,high,average,average,high,very_high,low,2
2023-01-13,4.722222222222222,1.0,394.0,399.1,393.49,398.47,4.722222222222222,Friday,3.579999999999984,6.064999999999998,2.5,very_high,high,average,average,high,very_high,0
2023-01-17,1.611111111111111,1.319298245614035,398.36,400.23,397.06,397.76,1.611111111111111,Tuesday,4.470000000000027,5.610000000000014,3.579999999999984,average,very_high,high,average,average,high,3
2023-01-18,1.2477064220183487,13.193548387096774,398.92,400.12,391.28,391.54,13.193548387096774,Wednesday,-0.6000000000000227,3.170000000000016,4.470000000000027,very_high,average,very_high,high,average,average,4
2023-01-19,1.4688644688644688,1.565934065934066,389.17,391.08,387.26,388.68,1.565934065934066,Thursday,-7.3799999999999955,8.840000000000032,-0.6000000000000227,average,very_high,average,very_high,high,average,2
2023-01-20,10.82608695652174,1.0485074626865671,389.64,396.04,389.23,395.83,10.82608695652174,Friday,-0.4900000000000091,3.819999999999993,-7.3799999999999955,very_high,average,very_high,average,very_high,high,0
2023-01-23,11.290322580645162,1.1901408450704225,396.61,402.645,395.88,400.59,11.290322580645162,Monday,6.189999999999998,6.810000000000002,-0.4900000000000091,very_high,very_high,average,very_high,average,very_high,1
2023-01-24,1.569767441860465,1.1719457013574661,398.7,401.15,397.64,400.17,1.569767441860465,Tuesday,3.9799999999999613,6.764999999999986,6.189999999999998,average,very_high,very_high,average,very_high,average,3
2023-01-25,3.548387096774194,2.0416666666666665,396.09,400.7,393.56,400.36,3.548387096774194,Wednesday,1.4700000000000273,3.509999999999991,3.9799999999999613,high,average,very_high,very_high,average,very_high,4
2023-01-26,1.1926977687626776,2.018867924528302,402.65,404.92,400.03,404.71,2.018867924528302,Thursday,4.270000000000039,7.139999999999986,1.4700000000000273,high,high,average,very_high,very_high,average,2
2023-01-27,2.4761904761904763,1.1661016949152543,404.33,408.16,403.57,405.68,2.4761904761904763,Friday,2.0600000000000023,4.890000000000043,4.270000000000039,high,high,high,average,very_high,very_high,0
2023-01-30,1.335294117647059,2.173076923076923,403.63,405.13,400.28,400.63,2.173076923076923,Monday,1.3500000000000227,4.590000000000032,2.0600000000000023,high,high,high,high,average,very_high,1
2023-01-31,2.6056338028169015,1.1745098039215687,401.41,406.53,400.77,406.45,2.6056338028169015,Tuesday,-3.0,4.850000000000023,1.3500000000000227,high,high,high,high,high,average,3
2023-02-01,3.0840336134453783,1.3868974042027196,405.28,413.67,402.35,410.79,3.0840336134453783,Wednesday,5.039999999999964,5.759999999999991,-3.0,high,high,high,high,high,high,4
2023-02-02,4.48,1.3928571428571428,413.78,418.31,412.88,416.78,4.48,Thursday,5.510000000000048,11.319999999999993,5.039999999999964,very_high,high,high,high,high,high,2
2023-02-03,2.92,1.4100418410041842,413.5,416.97,411.09,412.36,2.92,Friday,3.0,5.430000000000007,5.510000000000048,high,very_high,high,high,high,high,0
2023-02-06,1.4608695652173913,1.2888888888888888,409.63,411.29,408.1,409.9,1.4608695652173913,Monday,-1.1399999999999864,5.880000000000052,3.0,low,high,very_high,high,high,high,1
2023-02-07,3.612903225806452,1.1818181818181817,409.4,416.49,407.57,415.18,3.612903225806452,Tuesday,0.2699999999999818,3.1899999999999977,-1.1399999999999864,high,low,high,very_high,high,high,3
2023-02-08,1.0689289501590669,4.04,414.255,414.53,409.93,410.66,4.04,Wednesday,5.78000000000003,8.920000000000016,0.2699999999999818,very_high,high,low,high,very_high,high,4
2023-02-09,1.0885608856088562,9.999999999999998,413.35,414.41,405.81,407.13,9.999999999999998,Thursday,-3.5949999999999704,4.599999999999966,5.78000000000003,very_high,very_high,high,low,high,very_high,2
2023-02-10,1.5569620253164556,1.11484593837535,405.83,408.44,405.01,408.03,1.5569620253164556,Friday,-6.220000000000027,8.600000000000023,-3.5949999999999704,average,very_high,very_high,high,low,high,0
2023-02-13,3.454545454545454,1.0229276895943562,409.21,412.97,409.0,412.82,3.454545454545454,Monday,2.1999999999999886,3.430000000000007,-6.220000000000027,high,average,very_high,very_high,high,low,1
2023-02-14,2.3506493506493507,1.5985663082437276,411.26,415.05,408.511,412.67,2.3506493506493507,Tuesday,3.6100000000000136,3.9700000000000273,2.1999999999999886,high,high,average,very_high,very_high,high,3
2023-02-15,1.868421052631579,1.368421052631579,411.0,414.0,409.47,413.99,1.868421052631579,Wednesday,1.410000000000025,6.538999999999987,3.6100000000000136,average,high,high,average,very_high,very_high,4
2023-02-16,2.6,1.1785714285714286,409.23,412.91,408.14,408.33,2.6,Thursday,2.990000000000009,4.529999999999973,1.410000000000025,high,average,high,high,average,very_high,2
2023-02-17,1.4169381107491856,1.2758620689655173,405.43,407.51,404.05,407.24,1.4169381107491856,Friday,-0.9000000000000341,4.770000000000039,2.990000000000009,low,high,average,high,high,average,0
2023-02-21,1.0,5.208333333333334,403.88,404.16,398.82,399.13,5.208333333333334,Tuesday,1.8100000000000023,3.4599999999999795,-0.9000000000000341,very_high,low,high,average,high,high,3
2023-02-22,1.216648879402348,1.8750000000000002,400.07,401.13,397.02,398.58,1.8750000000000002,Wednesday,-4.75,5.340000000000032,1.8100000000000023,average,very_high,low,high,average,high,4
2023-02-23,1.2976190476190477,6.866666666666667,401.07,402.2,396.25,400.65,6.866666666666667,Thursday,-1.490000000000009,4.110000000000014,-4.75,very_high,average,very_high,low,high,average,2
2023-02-24,1.6015936254980079,1.1228070175438598,394.8,397.25,393.64,396.39,1.6015936254980079,Friday,-0.4200000000000159,5.949999999999989,-1.490000000000009,average,very_high,average,very_high,low,high,0
2023-02-27,2.1724137931034484,1.6666666666666667,399.27,401.29,396.75,397.73,2.1724137931034484,Monday,1.589999999999975,3.6100000000000136,-0.4200000000000159,high,average,very_high,average,very_high,low,1
2023-02-28,1.5202702702702704,1.1848341232227488,397.41,399.28,396.18,396.2,1.5202702702702704,Tuesday,-1.5399999999999636,4.5400000000000205,1.589999999999975,average,high,average,very_high,average,very_high,3
2023-03-01,1.375,1.75,395.49,396.69,393.38,394.78,1.75,Wednesday,-1.2100000000000364,3.099999999999966,-1.5399999999999636,average,average,high,average,very_high,average,4
2023-03-02,9.818181818181818,1.0964285714285715,392.7,398.69,392.55,397.79,9.818181818181818,Thursday,-0.7100000000000364,3.3100000000000023,-1.2100000000000364,very_high,average,average,high,average,very_high,2
2023-03-03,5.552631578947368,1.0,399.49,404.45,399.03,404.14,5.552631578947368,Friday,5.090000000000032,6.139999999999986,-0.7100000000000364,very_high,very_high,average,average,high,average,0
2023-03-06,2.4615384615384617,1.5591397849462365,405.68,407.45,404.03,404.46,2.4615384615384617,Monday,4.649999999999977,5.420000000000016,5.090000000000032,high,very_high,very_high,average,average,high,1
2023-03-07,1.1940298507462686,5.571428571428571,404.14,404.67,397.625,398.26,5.571428571428571,Tuesday,-1.2200000000000273,3.420000000000016,4.649999999999977,very_high,high,very_high,very_high,average,average,3
2023-03-08,1.4848484848484849,1.3031496062992125,397.98,399.71,396.59,398.92,1.4848484848484849,Wednesday,-5.8799999999999955,7.045000000000016,-1.2200000000000273,low,very_high,high,very_high,very_high,average,4
2023-03-09,1.391304347826087,27.0952380952381,400.28,401.48,390.53,391.59,27.0952380952381,Thursday,0.9399999999999977,3.1200000000000045,-5.8799999999999955,very_high,low,very_high,high,very_high,very_high,2
2023-03-10,2.1315789473684212,1.9514563106796114,388.63,393.16,384.32,385.92,2.1315789473684212,Friday,-8.689999999999998,10.950000000000045,0.9399999999999977,high,very_high,low,very_high,high,very_high,0
2023-03-13,7.28,1.0,381.35,390.39,381.0886,385.29,7.28,Monday,-2.7099999999999795,8.840000000000032,-8.689999999999998,very_high,high,very_high,low,very_high,high,1
2023-03-14,1.4232804232804233,2.0437158469945356,391.07,393.45,387.05,391.69,2.0437158469945356,Tuesday,3.9399999999999977,9.301400000000001,-2.7099999999999795,high,very_high,high,very_high,low,very_high,3
2023-03-15,1.316872427983539,1.7301136363636362,387.48,389.49,383.71,389.35,1.7301136363636362,Wednesday,0.6200000000000045,6.399999999999977,3.9399999999999977,average,high,very_high,high,very_high,low,4
2023-03-16,10.904761904761905,1.1792318634423895,387.84,396.47,386.59,396.03,10.904761904761905,Thursday,1.8700000000000045,5.78000000000003,0.6200000000000045,very_high,average,high,very_high,high,very_high,2
2023-03-17,1.120689655172414,3.230769230769231,393.27,394.4,388.55,390.11,3.230769230769231,Friday,8.189999999999998,9.880000000000052,1.8700000000000045,high,very_high,average,high,very_high,high,0
2023-03-20,1.9701492537313432,1.0994285714285714,390.87,394.17,390.07,393.66,1.9701492537313432,Monday,-3.159999999999968,5.849999999999966,8.189999999999998,average,high,very_high,average,high,very_high,1
2023-03-21,1.4844444444444445,1.5845410628019323,397.48,399.41,395.58,398.87,1.5845410628019323,Tuesday,2.7900000000000205,4.100000000000023,-3.159999999999968,average,average,high,very_high,average,high,3
2023-03-22,1.827586206896552,1.3599999999999999,398.19,402.49,392.07,392.14,1.827586206896552,Wednesday,1.3899999999999864,3.830000000000041,2.7900000000000205,average,average,average,high,very_high,average,4
2023-03-23,4.07142857142857,4.633333333333333,395.81,399.29,390.35,393.11,4.633333333333333,Thursday,-6.050000000000011,10.420000000000016,1.3899999999999864,very_high,average,average,average,high,very_high,2
2023-03-24,3.058139534883721,1.0314009661835748,390.58,395.84,389.4,395.72,3.058139534883721,Friday,-2.6999999999999886,8.939999999999998,-6.050000000000011,high,very_high,average,average,average,high,0
2023-03-27,1.0,2.153846153846154,398.4691,398.92,395.56,396.45,2.153846153846154,Monday,5.140000000000043,6.439999999999998,-2.6999999999999886,high,high,very_high,average,average,average,1
2023-03-28,1.208955223880597,1.555023923444976,395.62,396.49,393.69,395.65,1.555023923444976,Tuesday,-2.019100000000037,3.3600000000000136,5.140000000000043,average,high,high,very_high,average,average,3
2023-03-29,1.4074074074074072,1.423529411764706,399.82,401.6,398.68,401.34,1.423529411764706,Wednesday,0.029999999999972715,2.8000000000000114,-2.019100000000037,low,average,high,high,very_high,average,4
2023-03-30,1.2142857142857144,1.7826086956521738,403.68,404.35,401.76,403.7,1.7826086956521738,Thursday,1.5199999999999818,2.920000000000016,0.029999999999972715,average,low,average,high,high,very_high,2
2023-03-31,5.771428571428572,1.0476190476190477,405.45,409.7,405.31,409.36,5.771428571428572,Friday,0.01999999999998181,2.590000000000032,1.5199999999999818,very_high,average,low,average,high,high,0
2023-04-03,2.4222222222222225,1.44,409.6,411.37,408.44,410.93,2.4222222222222225,Monday,3.910000000000025,4.389999999999986,0.01999999999998181,high,very_high,average,low,average,high,1
2023-04-04,1.5454545454545456,4.6521739130434785,410.59,411.92,407.24,408.7,4.6521739130434785,Tuesday,1.329999999999984,2.930000000000007,3.910000000000025,very_high,high,very_high,average,low,average,3
2023-04-05,1.2413793103448276,1.838235294117647,407.99,408.7,405.88,407.65,1.838235294117647,Wednesday,-1.8899999999999864,4.680000000000007,1.329999999999984,average,very_high,high,very_high,average,low,4
2023-04-06,4.1764705882352935,1.0,406.04,409.48,405.678,409.2,4.1764705882352935,Thursday,-0.34000000000003183,2.819999999999993,-1.8899999999999864,very_high,average,very_high,high,very_high,average,2
2023-04-10,2.4489795918367347,1.2991452991452992,406.76,409.69,406.0,409.66,2.4489795918367347,Monday,3.159999999999968,3.802000000000021,-0.34000000000003183,high,very_high,average,very_high,high,very_high,1
2023-04-11,1.474820143884892,1.273015873015873,409.77,411.18,408.92,409.71,1.474820143884892,Tuesday,2.900000000000034,3.6899999999999977,3.159999999999968,low,high,very_high,average,very_high,high,3
2023-04-12,1.1997264021887826,3.48,411.21,411.85,407.44,408.07,3.48,Wednesday,-0.060000000000002274,2.259999999999991,2.900000000000034,high,low,high,very_high,average,very_high,4
2023-04-13,8.833333333333334,1.028985507246377,409.2,413.84,407.9922,413.445,8.833333333333334,Thursday,-3.1399999999999864,4.410000000000025,-0.060000000000002274,very_high,high,low,high,very_high,average,2
2023-04-14,1.2133333333333334,5.411764705882352,414.32,415.09,410.06,412.49,5.411764705882352,Friday,4.2450000000000045,5.84779999999995,-3.1399999999999864,very_high,very_high,high,low,high,very_high,0
2023-04-17,1.1524105754276828,1.8965517241379313,412.9,413.96,411.085,413.94,1.8965517241379313,Monday,-1.829999999999984,5.029999999999973,4.2450000000000045,average,very_high,very_high,high,low,high,1
2023-04-18,1.070754716981132,3.4285714285714284,415.35,415.72,412.7802,414.22,3.4285714285714284,Tuesday,1.0400000000000205,2.875,-1.829999999999984,high,average,very_high,very_high,high,low,3
2023-04-19,2.514705882352941,1.0,412.35,415.08,412.23,414.21,2.514705882352941,Wednesday,-1.1299999999999955,2.939800000000048,1.0400000000000205,high,high,average,very_high,very_high,high,4
2023-04-20,1.768421052631579,1.7297297297297298,412.05,413.7,410.27,411.88,1.768421052631579,Thursday,1.8599999999999568,2.849999999999966,-1.1299999999999955,average,high,high,average,very_high,very_high,2
2023-04-21,1.1228813559322035,1.909090909090909,411.97,412.68,410.17,412.18,1.909090909090909,Friday,-0.17000000000001592,3.430000000000007,1.8599999999999568,average,average,high,high,average,very_high,0
2023-04-24,1.061904761904762,2.4310344827586206,412.77,413.07,410.6,412.63,2.4310344827586206,Monday,0.20999999999997954,2.509999999999991,-0.17000000000001592,high,average,average,high,high,average,1
2023-04-25,1.047161572052402,9.214285714285714,411.09,411.09,406.02,406.12,9.214285714285714,Tuesday,-0.13999999999998636,2.4699999999999704,0.20999999999997954,very_high,high,average,average,high,high,3
2023-04-26,1.3591549295774648,2.2967032967032965,406.52,407.84,403.78,404.37,2.2967032967032965,Wednesday,-4.96999999999997,5.069999999999993,-0.13999999999998636,high,very_high,high,average,average,high,4
2023-04-27,15.954545454545453,1.119246861924686,406.95,412.69,406.83,412.4,15.954545454545453,Thursday,-2.1499999999999773,4.060000000000002,-4.96999999999997,very_high,high,very_high,high,average,average,2
2023-04-28,5.758620689655173,1.0342935528120714,412.17,415.94,412.09,415.93,5.758620689655173,Friday,5.449999999999989,5.860000000000014,-2.1499999999999773,very_high,very_high,high,very_high,high,average,0
2023-05-01,1.3674698795180724,1.1527093596059115,416.14,417.62,415.265,415.53,1.3674698795180724,Monday,3.759999999999991,3.8500000000000227,5.449999999999989,low,very_high,very_high,high,very_high,high,1
2023-05-02,1.0,13.107142857142856,414.015,414.26,407.82,410.87,13.107142857142856,Tuesday,-0.6100000000000136,2.355000000000018,3.759999999999991,very_high,low,very_high,very_high,high,very_high,3
2023-05-03,1.3448275862068968,1.8333333333333335,411.65,413.87,407.77,407.99,1.8333333333333335,Wednesday,-3.144999999999982,6.439999999999998,-0.6100000000000136,average,very_high,low,very_high,very_high,high,4
2023-05-04,1.2565789473684212,1.2546125461254611,405.195,407.16,403.74,405.17,1.2565789473684212,Thursday,-3.659999999999968,6.100000000000023,-3.144999999999982,low,average,very_high,low,very_high,very_high,2
2023-05-05,2.7142857142857144,1.0063025210084033,410.2,413.72,409.685,412.61,2.7142857142857144,Friday,-0.024999999999977263,3.420000000000016,-3.659999999999968,high,low,average,very_high,low,very_high,0
2023-05-08,1.1508379888268156,1.2533333333333332,412.56,413.24,411.28,412.79,1.2533333333333332,Monday,2.410000000000025,4.035000000000025,-0.024999999999977263,low,high,low,average,very_high,low,1
2023-05-09,1.2916666666666667,1.1157894736842104,411.161,412.09,410.81,410.96,1.2916666666666667,Tuesday,0.2300000000000182,1.9600000000000364,2.410000000000025,low,low,high,low,average,very_high,3
2023-05-10,1.2084805653710247,2.7027027027027026,412.33,413.79,408.87,412.8,2.7027027027027026,Wednesday,-0.20100000000002183,1.2799999999999727,0.2300000000000182,high,low,low,high,low,average,4
2023-05-11,1.2271505376344087,1.6956521739130435,411.4,412.43,409.97,412.16,1.6956521739130435,Thursday,0.4700000000000273,4.920000000000016,-0.20100000000002183,average,high,low,low,high,low,2
2023-05-12,1.0,7.3076923076923075,413.465,413.55,409.07,411.61,7.3076923076923075,Friday,0.7600000000000477,2.4599999999999795,0.4700000000000273,very_high,average,high,low,low,high,0
2023-05-15,1.8,1.625,411.52,413.43,410.23,413.01,1.8,Monday,-1.8549999999999613,4.480000000000018,0.7600000000000477,average,very_high,average,high,low,low,1
2023-05-16,1.146025878003697,2.545454545454546,412.64,412.815,410.24,410.25,2.545454545454546,Tuesday,1.490000000000009,3.1999999999999886,-1.8549999999999613,high,average,very_high,average,high,low,3
2023-05-17,6.488372093023256,2.0344827586206895,411.96,415.855,410.635,415.21,6.488372093023256,Wednesday,-2.3899999999999864,2.5749999999999886,1.490000000000009,very_high,high,average,very_high,average,high,4
2023-05-18,5.625,1.0786127167630057,415.095,419.67,414.79,419.23,5.625,Thursday,3.25,5.220000000000027,-2.3899999999999864,very_high,very_high,high,average,very_high,average,2
2023-05-19,1.076923076923077,2.7027027027027026,420.51,420.72,417.35,418.61,2.7027027027027026,Friday,4.134999999999991,4.8799999999999955,3.25,high,very_high,very_high,high,average,very_high,0
2023-05-22,1.0822669104204754,1.4827586206896552,419.695,420.24,417.35,418.78,1.4827586206896552,Monday,-1.8999999999999773,3.3700000000000045,4.134999999999991,low,high,very_high,very_high,high,average,1
2023-05-23,1.2222222222222223,3.1034482758620694,417.27,418.722,413.68,414.09,3.1034482758620694,Tuesday,-0.9150000000000205,2.8899999999999864,-1.8999999999999773,high,low,high,very_high,very_high,high,3
2023-05-24,1.0994694960212201,1.657142857142857,411.77,412.82,409.8795,411.09,1.657142857142857,Wednesday,-3.180000000000007,5.041999999999973,-0.9150000000000205,average,high,low,high,very_high,very_high,4
2023-06-01,10.18421052631579,1.0157194679564692,417.32,422.92,416.79,421.81,10.18421052631579,Thursday,-0.6800000000000068,2.940499999999986,-3.180000000000007,very_high,average,high,low,high,very_high,2
2023-06-02,2.297297297297297,2.2307692307692304,426.02,428.74,423.95,427.91,2.297297297297297,Friday,4.490000000000009,6.1299999999999955,-0.6800000000000068,high,very_high,average,high,low,high,0
2023-06-05,1.1424050632911391,2.1157894736842104,428.99,429.62,426.37,427.1,2.1157894736842104,Monday,1.8900000000000432,4.7900000000000205,4.490000000000009,high,high,very_high,average,high,low,1
2023-06-06,2.5625,1.033210332103321,426.46,428.5772,426.2901,428.04,2.5625,Tuesday,-1.8899999999999864,3.25,1.8900000000000432,high,high,high,very_high,average,high,3
2023-06-07,1.0210325047801145,4.2105263157894735,429.495,429.62,426.11,426.6,4.2105263157894735,Wednesday,1.580000000000041,2.2871000000000095,-1.8899999999999864,very_high,high,high,high,very_high,average,4
2023-06-08,3.5833333333333335,1.125,426.66,429.6,425.82,429.125,3.5833333333333335,Thursday,-2.894999999999982,3.509999999999991,1.580000000000041,high,very_high,high,high,high,very_high,2
2023-06-09,1.8611111111111114,1.9056603773584906,430.66,431.99,428.87,429.89,1.9056603773584906,Friday,2.464999999999975,3.7800000000000296,-2.894999999999982,average,high,very_high,high,high,high,0
2023-06-12,3.9428571428571426,1.1051625239005736,430.63,433.88,430.17,433.79,3.9428571428571426,Monday,-0.7700000000000387,3.1200000000000045,2.464999999999975,high,average,high,very_high,high,high,1
2023-06-13,1.105263157894737,1.6140350877192984,436.62,437.33,434.63,436.66,1.6140350877192984,Tuesday,3.160000000000025,3.7099999999999795,-0.7700000000000387,average,high,average,high,very_high,high,3
2023-06-14,1.8695652173913042,2.1733333333333333,437.2,439.0612,433.59,437.18,2.1733333333333333,Wednesday,0.040000000000020464,2.6999999999999886,3.160000000000025,high,average,high,average,high,very_high,4
2023-06-15,17.454545454545453,1.1106094808126412,437.63,443.9,437.1834,442.6,17.454545454545453,Thursday,-0.01999999999998181,5.47120000000001,0.040000000000020464,very_high,high,average,high,average,high,2
2023-06-16,1.2523809523809524,1.6558441558441557,441.46,443.6078,438.97,439.43,1.6558441558441557,Friday,4.970000000000027,6.716599999999971,-0.01999999999998181,average,very_high,high,average,high,average,0
2023-06-20,1.2,4.096774193548387,437.77,438.37,435.03,437.23,4.096774193548387,Tuesday,-2.0299999999999727,4.63779999999997,4.970000000000027,very_high,average,very_high,high,average,high,3
2023-06-21,1.4502617801047122,1.2424242424242422,435.41,436.99,434.33,434.93,1.4502617801047122,Wednesday,-0.5399999999999636,3.340000000000032,-2.0299999999999727,low,very_high,average,very_high,high,average,4
2023-06-22,2.5172413793103448,1.0522993688007214,434.28,436.62,434.03,436.54,2.5172413793103448,Thursday,-0.4800000000000182,2.660000000000025,-0.5399999999999636,high,low,very_high,average,very_high,high,2
2023-06-23,1.6637168141592922,1.0508474576271185,433.25,435.06,432.47,433.21,1.6637168141592922,Friday,2.2600000000000477,2.590000000000032,-0.4800000000000182,average,high,low,very_high,average,very_high,0
2023-06-26,1.148936170212766,2.977777777777778,434.09,434.61,431.19,431.43,2.977777777777778,Monday,-0.040000000000020464,2.589999999999975,2.2600000000000477,high,average,high,low,very_high,average,1
2023-06-27,8.047619047619047,1.268456375838926,432.94,436.81,431.88,436.14,8.047619047619047,Tuesday,-2.659999999999968,3.420000000000016,-0.040000000000020464,very_high,high,average,high,low,very_high,3
2023-06-28,3.2093023255813953,1.0646551724137934,434.9,437.44,434.41,436.38,3.2093023255813953,Wednesday,3.1999999999999886,4.930000000000007,-2.659999999999968,high,very_high,high,average,high,low,4
2023-06-29,1.8450704225352115,1.1029411764705883,436.41,438.28,435.91,438.14,1.8450704225352115,Thursday,1.4800000000000182,3.0299999999999727,3.1999999999999886,average,high,very_high,high,average,high,2
2023-06-30,1.775,1.0876232201533405,442.28,444.3,441.86,443.25,1.775,Friday,1.7299999999999613,2.3699999999999477,1.4800000000000182,average,average,high,very_high,high,average,0
2023-07-03,1.1728395061728394,1.1015625,443.41,444.08,443.02,443.9,1.1728395061728394,Monday,0.9700000000000273,2.4399999999999977,1.7299999999999613,low,average,average,high,very_high,high,1
2023-07-05,1.2781456953642383,1.0777027027027026,443.13,443.889,442.31,443.14,1.2781456953642383,Wednesday,0.48999999999995225,1.0600000000000023,0.9700000000000273,low,low,average,average,high,very_high,4
2023-07-06,1.4375,1.6049382716049383,438.62,440.1,437.06,439.67,1.6049382716049383,Thursday,0.009999999999990905,1.5790000000000077,0.48999999999995225,average,low,low,average,average,high,2
2023-07-07,5.21875,1.1793103448275861,439.16,442.64,438.3,438.521,5.21875,Friday,1.0500000000000114,3.0400000000000205,0.009999999999990905,very_high,average,low,low,average,average,0
2023-07-10,1.3636363636363635,1.8837209302325584,439.01,439.84,437.585,439.66,1.8837209302325584,Monday,-0.63900000000001,4.339999999999975,1.0500000000000114,average,very_high,average,low,low,average,1
2023-07-11,2.2111111111111112,1.1941923774954628,439.99,442.97,439.44,442.48,2.2111111111111112,Tuesday,0.6500000000000341,2.2549999999999955,-0.63900000000001,high,average,very_high,average,low,low,3
2023-07-12,1.3389830508474578,1.5061728395061726,446.33,447.4799,444.91,446.01,1.5061728395061726,Wednesday,2.490000000000009,3.5300000000000296,0.6500000000000341,average,high,average,very_high,average,low,4
2023-07-13,2.8333333333333335,1.1818181818181819,448.27,450.38,447.815,449.53,2.8333333333333335,Thursday,-0.3199999999999932,2.5698999999999614,2.490000000000009,high,average,high,average,very_high,average,2
2023-07-14,1.25,1.9082568807339448,450.55,451.36,448.49,449.28,1.9082568807339448,Friday,1.259999999999991,2.5649999999999977,-0.3199999999999932,average,high,average,high,average,very_high,0
2023-07-17,3.2708333333333335,1.0,449.33,451.93,449.13,450.855,3.2708333333333335,Monday,-1.2700000000000387,2.8700000000000045,1.259999999999991,high,average,high,average,high,average,1
2023-07-18,7.194444444444445,1.0246252676659529,451.055,454.86,450.73,454.19,7.194444444444445,Tuesday,1.525000000000034,2.8000000000000114,-1.2700000000000387,very_high,high,average,high,average,high,3
2023-07-19,1.075,1.6526315789473687,455.85,456.43,454.1119,455.13,1.6526315789473687,Wednesday,3.134999999999991,4.1299999999999955,1.525000000000034,average,very_high,high,average,high,average,4
2023-07-20,1.0170068027210886,5.37037037037037,454.87,455.1,451.44,452.18,5.37037037037037,Thursday,-0.7200000000000273,2.3181000000000154,3.134999999999991,very_high,average,very_high,high,average,high,2
2023-07-21,1.1807692307692306,1.837837837837838,453.445,454.165,452.17,452.19,1.837837837837838,Friday,-2.6899999999999977,3.660000000000025,-0.7200000000000273,average,very_high,average,very_high,high,average,0
2023-07-24,1.1973684210526316,2.1515151515151514,454.24,455.04,452.298,454.2,2.1515151515151514,Monday,-1.2549999999999955,1.9950000000000045,-2.6899999999999977,high,average,very_high,average,very_high,high,1
2023-07-25,2.4545454545454546,1.049135577797998,454.55,456.735,454.41,455.41,2.4545454545454546,Tuesday,-0.040000000000020464,2.7420000000000186,-1.2549999999999955,high,high,average,very_high,average,very_high,3
2023-07-26,1.443298969072165,1.3538461538461537,454.925,456.99,453.38,455.51,1.443298969072165,Wednesday,0.8600000000000136,2.3249999999999886,-0.040000000000020464,low,high,high,average,very_high,average,4
2023-07-27,1.0,18.18181818181818,459.28,459.35,451.55,452.48,18.18181818181818,Thursday,0.5849999999999795,3.6100000000000136,0.8600000000000136,very_high,low,high,high,average,very_high,2
2023-07-28,2.871794871794872,1.1341463414634148,455.775,457.78,452.4918,456.91,2.871794871794872,Friday,-6.7999999999999545,7.800000000000011,0.5849999999999795,high,very_high,low,high,high,average,0
2023-07-31,1.0690943043884218,2.1904761904761907,457.91,458.16,456.045,457.79,2.1904761904761907,Monday,1.1350000000000477,5.288199999999961,-6.7999999999999545,high,high,very_high,low,high,high,1
2023-08-01,1.1165919282511212,1.3666666666666667,456.56,457.25,455.49,456.465,1.3666666666666667,Tuesday,-0.12000000000000455,2.115000000000009,1.1350000000000477,low,high,high,very_high,low,high,3
2023-08-02,1.0,5.233333333333333,453.1,453.25,449.3499,450.14,5.233333333333333,Wednesday,-0.09500000000002728,1.759999999999991,-0.12000000000000455,very_high,low,high,high,very_high,low,4
2023-08-03,2.4081632653061225,1.1422924901185771,447.99,450.79,447.37,448.84,2.4081632653061225,Thursday,-2.9600000000000364,3.900100000000009,-0.09500000000002728,high,very_high,low,high,high,very_high,2
2023-08-04,1.901639344262295,8.666666666666668,451.215,452.895,446.27,446.8,8.666666666666668,Friday,0.8499999999999659,3.420000000000016,-2.9600000000000364,very_high,high,very_high,low,high,high,0
2023-08-07,1.888888888888889,1.0932277924362357,448.35,450.865,447.99,450.7,1.888888888888889,Monday,-4.414999999999964,6.625,0.8499999999999659,average,very_high,high,very_high,low,high,1
2023-08-08,1.8072289156626506,2.3823529411764706,447.08,450.6952,445.2705,448.75,2.3823529411764706,Tuesday,2.349999999999966,2.875,-4.414999999999964,high,average,very_high,high,very_high,low,3
2023-08-09,1.0559284116331096,5.12,448.35,448.8864,444.96,445.75,5.12,Wednesday,1.670000000000016,5.424699999999973,2.349999999999966,very_high,high,average,very_high,high,very_high,4
2023-08-10,2.5555555555555554,6.076923076923077,449.59,451.7,444.7,445.93,6.076923076923077,Thursday,-2.6000000000000227,3.926400000000001,1.670000000000016,very_high,very_high,high,average,very_high,high,2
2023-08-11,3.166666666666667,1.0,443.915,446.7007,443.5,445.58,3.166666666666667,Friday,-3.659999999999968,7.0,-2.6000000000000227,high,very_high,very_high,high,average,very_high,0
2023-08-14,2.9374999999999996,1.0378037803780378,445.03,448.11,444.38,448.09,2.9374999999999996,Monday,1.6649999999999636,3.2006999999999834,-3.659999999999968,high,high,very_high,very_high,high,average,1
2023-08-15,1.0160295930949446,3.173076923076923,445.59,445.805,442.3,442.94,3.173076923076923,Tuesday,3.0600000000000023,3.730000000000018,1.6649999999999636,high,high,high,very_high,very_high,high,3
2023-08-16,1.049222797927461,3.584905660377358,443.64,444.18,439.53,439.63,3.584905660377358,Wednesday,-2.6499999999999773,3.5049999999999955,3.0600000000000023,high,high,high,high,very_high,very_high,4
2023-08-17,1.0276923076923077,5.666666666666667,440.61,440.74,435.75,436.26,5.666666666666667,Thursday,-4.009999999999991,4.650000000000034,-2.6499999999999773,very_high,high,high,high,high,very_high,2
2023-08-18,1.722222222222222,1.2200956937799043,434.53,437.57,433.455,436.46,1.722222222222222,Friday,-4.350000000000023,4.990000000000009,-4.009999999999991,average,very_high,high,high,high,high,0
2023-08-21,1.6517857142857142,3.1739130434782608,438.08,440.11,435.32,439.34,3.1739130434782608,Monday,1.9300000000000068,4.115000000000009,-4.350000000000023,high,average,very_high,high,high,high,1
2023-08-22,1.072538860103627,2.4838709677419355,440.36,440.63,437.57,438.11,2.4838709677419355,Tuesday,1.259999999999991,4.7900000000000205,1.9300000000000068,high,high,average,very_high,high,high,3
2023-08-23,5.142857142857143,1.0,439.69,443.67,439.54,442.97,5.142857142857143,Wednesday,-2.25,3.0600000000000023,1.259999999999991,very_high,high,high,average,very_high,high,4
2023-08-24,2.1071428571428568,9.235294117647058,443.62,445.22,436.855,436.92,9.235294117647058,Thursday,3.2800000000000296,4.1299999999999955,-2.25,very_high,very_high,high,high,average,very_high,2
2023-08-25,1.3725490196078434,3.0,439.11,441.3,435.0,439.95,3.0,Friday,-6.699999999999989,8.365000000000009,3.2800000000000296,high,very_high,very_high,high,high,average,0
2023-08-28,1.135135135135135,1.6528925619834711,442.69,443.4,439.9728,442.72,1.6528925619834711,Monday,0.839999999999975,6.300000000000011,-6.699999999999989,average,high,very_high,very_high,high,high,1
2023-08-29,10.825,1.0653409090909092,443.58,449.45,443.51,449.14,10.825,Tuesday,0.03000000000002956,3.4271999999999707,0.839999999999975,very_high,average,high,very_high,very_high,high,3
2023-08-30,1.9047619047619049,1.2108433734939759,449.9,451.62,448.78,451.34,1.9047619047619049,Wednesday,5.560000000000002,5.939999999999998,0.03000000000002956,average,very_high,average,high,very_high,very_high,4
2023-09-01,1.2148936170212765,2.446428571428571,452.19,453.04,449.68,451.21,2.446428571428571,Friday,1.4399999999999977,2.840000000000032,5.560000000000002,high,average,very_high,average,high,very_high,0
2023-09-05,1.4962406015037593,1.0870967741935484,449.65,451.06,449.17,449.25,1.4962406015037593,Tuesday,-0.9800000000000182,3.3600000000000136,1.4399999999999977,low,high,average,very_high,average,high,3
2023-09-06,1.0,7.153846153846154,448.16,448.51,443.81,446.19,7.153846153846154,Wednesday,-0.39999999999997726,1.8899999999999864,-0.9800000000000182,very_high,low,high,average,very_high,average,4
2023-09-07,1.316872427983539,1.464285714285714,444.16,445.55,442.75,444.84,1.464285714285714,Thursday,-1.9700000000000273,4.699999999999989,-0.39999999999997726,low,very_high,low,high,average,very_high,2
2023-09-08,1.4313725490196079,1.5379746835443038,445.94,447.11,444.53,445.51,1.5379746835443038,Friday,0.67999999999995,2.8000000000000114,-1.9700000000000273,average,low,very_high,low,high,average,0
2023-09-11,1.3419689119170983,1.4375,447.66,448.7,446.4699,448.48,1.4375,Monday,-0.4300000000000068,2.580000000000041,0.67999999999995,low,average,low,very_high,low,high,1
2023-09-12,1.2771739130434783,2.2452830188679243,447.53,448.53,445.39,445.97,2.2452830188679243,Tuesday,0.8199999999999932,2.230099999999993,-0.4300000000000068,high,low,average,low,very_high,low,3
2023-09-13,1.2442396313364057,1.885714285714286,446.85,447.71,445.0793,446.51,1.885714285714286,Wednesday,-1.5599999999999454,3.1399999999999864,0.8199999999999932,average,high,low,average,low,very_high,4
2023-09-14,2.84375,1.2699386503067485,448.645,451.08,447.715,450.39,2.84375,Thursday,-0.34000000000003183,2.6306999999999903,-1.5599999999999454,high,average,high,low,average,low,2
2023-09-15,1.043956043956044,5.162162162162162,446.57,446.935,442.92,443.29,5.162162162162162,Friday,1.7450000000000045,3.365000000000009,-0.34000000000003183,very_high,high,average,high,low,average,0
2023-09-18,2.3902439024390243,1.022878932316492,442.89,444.97,442.56,443.64,2.3902439024390243,Monday,-3.2799999999999727,4.014999999999986,1.7450000000000045,high,very_high,high,average,high,low,1
2023-09-19,1.0921658986175116,4.333333333333334,442.825,443.29,439.94,442.75,4.333333333333334,Tuesday,0.75,2.410000000000025,-3.2799999999999727,very_high,high,very_high,high,average,high,3
2023-09-20,1.0522022838499185,5.054054054054054,444.03,444.435,438.43,438.58,5.054054054054054,Wednesday,-0.07499999999998863,3.3500000000000227,0.75,very_high,very_high,high,very_high,high,average,4
2023-09-21,1.167464114832536,2.159090909090909,434.74,435.57,431.23,431.41,2.159090909090909,Thursday,-5.449999999999989,6.0049999999999955,-0.07499999999998863,high,very_high,very_high,high,very_high,high,2
2023-09-22,2.0153846153846153,1.4743589743589745,431.9319,434.1,429.99,430.38,2.0153846153846153,Friday,-3.329999999999984,4.339999999999975,-5.449999999999989,high,high,very_high,very_high,high,very_high,0
2023-09-25,2.0294117647058822,1.1451612903225805,429.76,432.27,429.14,432.22,2.0294117647058822,Monday,-1.5518999999999892,4.110000000000014,-3.329999999999984,high,high,high,very_high,very_high,high,1
2023-09-26,1.005780346820809,5.5,429.7,429.7653,425.02,425.83,5.5,Tuesday,2.4600000000000364,3.1299999999999955,-1.5518999999999892,very_high,high,high,high,very_high,very_high,3
2023-09-27,1.248407643312102,7.272727272727273,427.37,427.645,422.29,426.02,7.272727272727273,Wednesday,-3.8700000000000045,4.745300000000043,2.4600000000000364,very_high,very_high,high,high,high,very_high,4
2023-09-28,6.0740740740740735,1.0436634717784878,425.065,430.2499,424.95,428.53,6.0740740740740735,Thursday,-1.3500000000000227,5.354999999999961,-3.8700000000000045,very_high,very_high,very_high,high,high,high,2
2023-09-29,1.329450915141431,5.285714285714286,430.96,431.76,425.91,427.39,5.285714285714286,Friday,3.464999999999975,5.2999000000000365,-1.3500000000000227,very_high,very_high,very_high,very_high,high,high,0
2023-10-02,1.3333333333333333,2.857142857142857,427.54,428.6,424.46,427.36,2.857142857142857,Monday,-3.569999999999993,5.849999999999966,3.464999999999975,high,very_high,very_high,very_high,very_high,high,1
2023-10-03,1.3478260869565217,6.444444444444444,425.64,427.3729,420.18,421.67,6.444444444444444,Tuesday,-0.18000000000000682,4.140000000000043,-3.569999999999993,very_high,high,very_high,very_high,very_high,very_high,3
2023-10-04,1.820754716981132,2.0,422.475,425.4299,420.56,424.71,2.0,Wednesday,-3.9699999999999704,7.192900000000009,-0.18000000000000682,average,very_high,high,very_high,very_high,very_high,4
2023-10-05,1.2469879518072289,1.77,423.89,425.37,421.1701,424.46,1.77,Thursday,2.234999999999957,4.869899999999973,-3.9699999999999704,average,average,very_high,high,very_high,very_high,2
2023-10-06,23.761904761904763,1.0868320610687023,421.69,431.125,420.6,429.52,23.761904761904763,Friday,0.5699999999999932,4.199900000000014,2.234999999999957,very_high,average,average,very_high,high,very_high,0
2023-10-09,4.888888888888889,1.4236453201970445,428.57,432.88,427.0101,432.27,4.888888888888889,Monday,7.829999999999984,10.524999999999977,0.5699999999999932,very_high,very_high,average,average,very_high,high,1
2023-10-10,6.305555555555556,1.0697916666666667,432.83,437.22,432.7,434.48,6.305555555555556,Tuesday,3.6999999999999886,5.869899999999973,7.829999999999984,very_high,very_high,very_high,average,average,very_high,3
2023-10-11,1.0984974958263773,2.186046511627907,435.95,436.58,433.18,436.31,2.186046511627907,Wednesday,1.650000000000034,4.520000000000039,3.6999999999999886,high,very_high,very_high,very_high,average,average,4
2023-10-12,1.385057471264368,5.090909090909091,435.89,437.335,431.23,433.7,5.090909090909091,Thursday,0.36000000000001364,3.3999999999999773,1.650000000000034,very_high,high,very_high,very_high,very_high,average,2
2023-10-13,1.05,6.838709677419355,435.7,436.38,429.88,431.55,6.838709677419355,Friday,-2.1899999999999977,6.104999999999961,0.36000000000001364,very_high,very_high,high,very_high,very_high,very_high,0
2023-10-16,3.8,1.01625,433.77,437.14,433.7164,436.01,3.8,Monday,-4.149999999999977,6.5,-2.1899999999999977,high,very_high,very_high,high,very_high,very_high,1
2023-10-17,7.400000000000001,1.2580645161290323,433.245,438.14,432.45,436.09,7.400000000000001,Tuesday,2.240000000000009,3.423599999999965,-4.149999999999977,very_high,high,very_high,very_high,high,very_high,3
2023-10-18,1.1481481481481481,2.878378378378378,433.71,435.18,429.09,430.25,2.878378378378378,Wednesday,2.8449999999999704,5.689999999999998,2.240000000000009,high,very_high,high,very_high,very_high,high,4
2023-10-19,1.3333333333333335,3.2244897959183674,430.47,432.82,425.725,426.43,3.2244897959183674,Thursday,-3.4599999999999795,6.090000000000032,2.8449999999999704,high,high,very_high,high,very_high,very_high,2
2023-10-20,1.0446247464503045,3.361111111111111,425.81,426.39,421.08,421.21,3.361111111111111,Friday,-4.0400000000000205,7.09499999999997,-3.4599999999999795,high,high,high,very_high,high,very_high,0
2023-10-23,8.1875,1.0,418.08,424.45,417.94,420.45,8.1875,Monday,-4.600000000000023,5.310000000000002,-4.0400000000000205,very_high,high,high,high,very_high,high,1
2023-10-24,1.3551401869158877,1.696629213483146,423.45,424.82,420.74,423.62,1.696629213483146,Tuesday,2.3700000000000045,6.509999999999991,-4.600000000000023,average,very_high,high,high,high,very_high,3
2023-10-25,1.2705314009661837,2.1999999999999997,420.19,421.43,417.015,417.61,2.1999999999999997,Wednesday,0.17000000000001592,4.079999999999984,2.3700000000000045,high,average,very_high,high,high,high,4
2023-10-26,1.0545454545454545,3.75,416.89,417.14,411.6,412.59,3.75,Thursday,-2.579999999999984,4.4150000000000205,0.17000000000001592,high,high,average,very_high,high,high,2
2023-10-27,1.1270801815431164,2.887640449438202,413.45,414.6,409.21,410.73,2.887640449438202,Friday,-4.300000000000011,5.539999999999964,-2.579999999999984,high,high,high,average,very_high,high,0
2023-10-30,1.316,2.164383561643836,414.78,416.68,412.22,415.58,2.164383561643836,Monday,-2.7199999999999704,5.390000000000043,-4.300000000000011,high,high,high,high,average,very_high,1
2023-10-31,2.7439024390243905,1.1679012345679014,414.85,418.53,414.21,418.23,2.7439024390243905,Tuesday,0.8000000000000114,4.4599999999999795,-2.7199999999999704,high,high,high,high,high,average,3
2023-11-01,2.7222222222222223,1.0166177908113392,419.095,423.5,418.87,422.7,2.7222222222222223,Wednesday,3.3799999999999955,4.319999999999993,0.8000000000000114,high,high,high,high,high,high,4
2023-11-02,3.681818181818182,1.0636363636363635,427.115,430.915,426.7601,430.75,3.681818181818182,Thursday,3.6049999999999613,4.6299999999999955,3.3799999999999955,high,high,high,high,high,high,2
2023-11-03,1.7317073170731707,1.1726027397260275,434.11,436.29,433.21,434.67,1.7317073170731707,Friday,3.634999999999991,4.154899999999998,3.6049999999999613,average,high,high,high,high,high,0
2023-11-06,1.0660592255125285,1.6592592592592592,435.39,435.8801,433.68,435.65,1.6592592592592592,Monday,0.5600000000000023,3.080000000000041,3.634999999999991,average,average,high,high,high,high,1
2023-11-07,3.5217391304347827,1.017982017982018,435.06,437.585,434.73,436.87,3.5217391304347827,Tuesday,0.2599999999999909,2.2001000000000204,0.5600000000000023,high,average,average,high,high,high,3
2023-11-08,1.04,2.9696969696969697,437.655,438.09,434.87,437.2,2.9696969696969697,Wednesday,1.8100000000000023,2.8549999999999613,0.2599999999999909,high,high,average,average,high,high,4
2023-11-09,1.2222222222222223,6.818181818181818,437.42,438.1593,433.4,433.87,6.818181818181818,Thursday,-0.4549999999999841,3.2199999999999704,1.8100000000000023,very_high,high,high,average,average,high,2
2023-11-10,10.791666666666666,1.8124999999999998,436.14,440.93,433.8335,440.6,10.791666666666666,Friday,-3.5500000000000114,4.759299999999996,-0.4549999999999841,very_high,very_high,high,high,average,average,0
2023-11-13,2.9555555555555557,1.0878243512974053,438.64,441.33,438.42,440.2,2.9555555555555557,Monday,4.460000000000036,7.096499999999992,-3.5500000000000114,high,very_high,very_high,high,high,average,1
2023-11-14,2.926829268292683,1.0817790530846485,447.2,450.06,447.1702,448.71,2.926829268292683,Tuesday,1.5600000000000023,2.909999999999968,4.460000000000036,high,high,very_high,very_high,high,high,3
2023-11-15,1.411764705882353,1.4035087719298247,450.09,451.38,448.8,449.63,1.411764705882353,Wednesday,1.509999999999991,2.8897999999999797,1.5600000000000023,low,high,high,very_high,very_high,high,4
2023-11-16,1.657142857142857,1.6323529411764706,449.55,450.56,448.12,450.21,1.657142857142857,Thursday,-0.45999999999997954,2.579999999999984,1.509999999999991,average,low,high,high,very_high,very_high,2
2023-11-17,1.5106382978723405,1.0825921219822108,449.73,451.42,449.29,450.78,1.5106382978723405,Friday,0.6599999999999682,2.4399999999999977,-0.45999999999997954,average,average,low,high,high,very_high,0
2023-11-20,8.2,1.0,451.65,455.125,451.4,454.24,8.2,Monday,1.0499999999999545,2.1299999999999955,0.6599999999999682,very_high,average,average,low,high,high,1
2023-11-21,1.23943661971831,1.607142857142857,452.95,454.131,451.9599,453.27,1.607142857142857,Tuesday,2.590000000000032,3.7250000000000227,1.0499999999999545,average,very_high,average,average,low,high,3
2023-11-22,1.069965870307167,2.871794871794872,456.14,456.22,453.8895,455.03,2.871794871794872,Wednesday,0.3199999999999932,2.171099999999967,2.590000000000032,high,average,very_high,average,average,low,4
2023-11-24,1.3469387755102042,1.0420382165605095,454.93,455.6,454.73,455.0,1.3469387755102042,Friday,-1.1100000000000136,2.330500000000029,0.3199999999999932,low,high,average,very_high,average,average,0
2023-11-27,1.6129032258064515,1.019108280254777,454.36,455.4901,454.0799,454.5,1.6129032258064515,Monday,0.06999999999999318,0.8700000000000045,-1.1100000000000136,average,low,high,average,very_high,average,1
2023-11-28,4.509803921568627,1.215,453.605,456.27,453.51,454.88,4.509803921568627,Tuesday,0.13999999999998636,1.4101999999999748,0.06999999999999318,very_high,average,low,high,average,very_high,3
2023-11-29,1.5,6.826086956521739,457.6,458.32,454.2,454.62,6.826086956521739,Wednesday,1.2749999999999773,2.759999999999991,0.13999999999998636,very_high,very_high,average,low,high,average,4
2023-11-30,1.2025316455696202,1.5192307692307692,454.77,456.76,453.34,456.31,1.5192307692307692,Thursday,-2.980000000000018,4.1200000000000045,1.2749999999999773,average,very_high,very_high,average,low,high,2
2023-12-01,4.685714285714286,1.1902071563088514,456.0443,459.65,455.16,459.035,4.685714285714286,Friday,1.5400000000000205,3.420000000000016,-2.980000000000018,very_high,average,very_high,very_high,average,low,0
2023-12-04,1.1480314960629923,2.8787878787878785,456.46,459.1206,454.34,456.66,2.8787878787878785,Monday,2.990700000000004,4.489999999999952,1.5400000000000205,high,very_high,average,very_high,very_high,average,1
2023-12-05,2.806451612903226,1.249056603773585,455.24,457.59,454.9275,456.58,2.806451612903226,Tuesday,0.20000000000004547,4.7806000000000495,2.990700000000004,high,high,very_high,average,very_high,very_high,3
2023-12-06,1.0818181818181818,4.9523809523809526,457.96,458.4,454.31,454.71,4.9523809523809526,Wednesday,1.339999999999975,2.662499999999966,0.20000000000004547,very_high,high,high,very_high,average,very_high,4
2023-12-07,2.5588235294117645,1.2173913043478262,456.83,458.9,456.29,458.21,2.5588235294117645,Thursday,-3.25,4.089999999999975,1.339999999999975,high,very_high,high,high,very_high,average,2
2023-12-08,2.0789473684210527,1.302325581395349,458.65,460.745,457.535,460.13,2.0789473684210527,Friday,1.3799999999999955,2.609999999999957,-3.25,high,high,very_high,high,high,very_high,0
2023-12-11,2.324324324324324,1.0471204188481675,460.065,462.17,459.63,461.97,2.324324324324324,Monday,1.4800000000000182,3.2099999999999795,1.3799999999999955,high,high,high,very_high,high,high,1
2023-12-12,4.826086956521739,1.0,460.73,464.2,460.7,464.16,4.826086956521739,Tuesday,1.9050000000000296,2.5400000000000205,1.4800000000000182,very_high,high,high,high,very_high,high,3
2023-12-13,7.54054054054054,1.3636363636363635,464.46,470.7599,464.12,470.44,7.54054054054054,Wednesday,3.430000000000007,3.5,1.9050000000000296,very_high,very_high,high,high,high,very_high,4
2023-12-14,1.0,3.6562499999999996,473.365,473.73,469.25,472.0,3.6562499999999996,Thursday,5.980000000000018,6.6399000000000115,3.430000000000007,high,very_high,very_high,high,high,high,2
2023-12-15,1.25,1.346153846153846,469.51,470.7,467.4263,469.37,1.346153846153846,Friday,-1.365000000000009,4.480000000000018,5.980000000000018,low,high,very_high,very_high,high,high,0
2023-12-18,1.9444444444444444,1.0411522633744854,471.21,472.98,469.8929,472.02,1.9444444444444444,Monday,-0.13999999999998636,3.2736999999999625,-1.365000000000009,average,low,high,very_high,very_high,high,1
2023-12-19,2.1578947368421053,1.0051020408163265,473.23,474.92,473.04,474.82,2.1578947368421053,Tuesday,0.8100000000000023,3.087100000000021,-0.13999999999998636,high,average,low,high,very_high,very_high,3
2023-12-20,1.732142857142857,14.869565217391303,474.6,475.895,467.82,467.97,14.869565217391303,Wednesday,1.589999999999975,1.8799999999999955,0.8100000000000023,very_high,high,average,low,high,very_high,4
2023-12-21,1.2495201535508638,3.4166666666666665,471.95,472.975,468.84,472.67,3.4166666666666665,Thursday,-6.6299999999999955,8.074999999999989,1.589999999999975,high,very_high,high,average,low,high,2
2023-12-22,1.028735632183908,3.5714285714285716,475.04,475.38,471.7,473.62,3.5714285714285716,Friday,0.7200000000000273,4.135000000000048,-6.6299999999999955,high,high,very_high,high,average,low,0
2023-12-26,2.0163934426229506,1.0385109114249036,474.63,476.58,474.36,475.59,2.0163934426229506,Tuesday,-1.420000000000016,3.680000000000007,0.7200000000000273,high,high,high,very_high,high,average,3
2023-12-27,1.1674418604651162,1.5789473684210527,475.97,476.66,474.89,476.51,1.5789473684210527,Wednesday,0.9599999999999795,2.2199999999999704,-1.420000000000016,average,high,high,high,very_high,high,4
2023-12-28,1.178082191780822,1.176056338028169,476.86,477.55,476.26,476.68,1.178082191780822,Thursday,0.5399999999999636,1.7700000000000387,0.9599999999999795,low,average,high,high,high,very_high,2
2023-12-29,1.0240274599542334,5.7,476.875,477.03,473.3,475.35,5.7,Friday,-0.18000000000000682,1.2900000000000205,0.5399999999999636,very_high,low,average,high,high,high,0
2024-01-02,1.7826086956521738,1.4495798319327733,471.79,473.67,470.49,472.6,1.7826086956521738,Tuesday,-1.5249999999999773,3.7299999999999613,-0.18000000000000682,average,very_high,low,average,high,high,3
2024-01-03,1.2652439024390245,1.7241379310344829,470.21,471.19,468.17,468.73,1.7241379310344829,Wednesday,0.8100000000000023,3.180000000000007,-1.5249999999999773,average,average,very_high,low,average,high,4
2024-01-04,2.478260869565217,1.3421418636995828,468.98,470.96,467.05,467.27,2.478260869565217,Thursday,-1.4799999999999613,3.019999999999982,0.8100000000000023,high,average,average,very_high,low,average,2
2024-01-05,2.4477611940298503,1.3717948717948718,468.02,470.44,466.43,467.96,2.4477611940298503,Friday,-1.7100000000000364,3.909999999999968,-1.4799999999999613,high,high,average,average,very_high,low,0
2024-01-08,9.318181818181817,1.0,468.89,474.75,468.64,474.56,9.318181818181817,Monday,-0.060000000000002274,4.009999999999991,-1.7100000000000364,very_high,high,high,average,average,very_high,1
2024-01-09,3.7619047619047623,1.0981132075471698,471.8,474.93,471.35,473.84,3.7619047619047623,Tuesday,5.670000000000016,6.110000000000014,-0.060000000000002274,high,very_high,high,high,average,average,3
2024-01-10,2.509433962264151,1.366412213740458,475.165,477.4481,473.87,476.52,2.509433962264151,Wednesday,2.0399999999999636,3.579999999999984,5.670000000000016,high,high,very_high,high,high,average,4
2024-01-11,1.2376636455186303,8.08695652173913,477.13,477.175,472.26,476.32,8.08695652173913,Thursday,1.3549999999999613,3.5781000000000063,2.0399999999999636,very_high,high,high,very_high,high,high,2
2024-01-12,1.0,3.516129032258065,478.375,478.6,475.23,476.665,3.516129032258065,Friday,-0.8100000000000023,4.9150000000000205,1.3549999999999613,high,very_high,high,high,very_high,high,0
2024-01-16,2.911764705882353,1.2275,474.13,476.6098,473.06,474.95,2.911764705882353,Tuesday,-1.7099999999999795,3.3700000000000045,-0.8100000000000023,high,high,very_high,high,high,very_high,3
2024-01-17,1.5354330708661417,1.2458471760797343,471.27,472.79,469.87,472.275,1.5354330708661417,Wednesday,0.8199999999999932,3.5498000000000047,-1.7099999999999795,average,high,high,very_high,high,high,4
2024-01-18,2.7222222222222223,1.3333333333333333,473.76,477.06,472.42,476.46,2.7222222222222223,Thursday,1.0049999999999955,2.920000000000016,0.8199999999999932,high,average,high,high,very_high,high,2
2024-01-19,9.833333333333334,1.0408653846153846,477.05,482.72,476.5374,482.42,9.833333333333334,Friday,2.6999999999999886,4.639999999999986,1.0049999999999955,very_high,high,average,high,high,very_high,0
2024-01-22,1.5151515151515151,1.8450704225352115,484.48,485.22,482.78,483.52,1.8450704225352115,Monday,5.3700000000000045,6.182600000000036,2.6999999999999886,average,very_high,high,average,high,high,1
2024-01-23,1.3108108108108107,1.2962962962962963,483.85,485.105,482.89,484.88,1.3108108108108107,Tuesday,-0.9600000000000364,2.4400000000000546,5.3700000000000045,low,average,very_high,high,average,high,3
2024-01-24,2.269230769230769,2.138888888888889,487.37,488.77,484.8819,485.32,2.269230769230769,Wednesday,1.0299999999999727,2.215000000000032,-0.9600000000000364,high,low,average,very_high,high,average,4
2024-01-25,1.7407407407407405,1.4195583596214512,486.99,488.305,485.39,488.0,1.7407407407407405,Thursday,-2.0500000000000114,3.8881000000000085,1.0299999999999727,average,high,low,average,very_high,high,2
2024-01-26,1.6666666666666665,1.3414634146341464,487.89,489.12,486.54,487.47,1.6666666666666665,Friday,1.009999999999991,2.9150000000000205,-2.0500000000000114,average,average,high,low,average,very_high,0
2024-01-29,5.324324324324325,1.2885906040268456,487.87,491.415,487.17,491.26,5.324324324324325,Monday,-0.4199999999999591,2.579999999999984,1.009999999999991,very_high,average,average,high,low,average,1
2024-01-30,1.1842105263157894,1.237179487179487,491.05,491.62,490.11,490.86,1.237179487179487,Tuesday,3.3899999999999864,4.2450000000000045,-0.4199999999999591,low,very_high,average,average,high,low,3
2024-01-31,1.1904761904761905,4.032258064516129,488.0,489.0,482.89,482.92,4.032258064516129,Wednesday,-0.18999999999999773,1.509999999999991,3.3899999999999864,very_high,low,very_high,average,average,high,4
2024-02-01,2.8749999999999996,1.7352941176470587,485.54,489.23,483.8,489.23,2.8749999999999996,Thursday,-5.079999999999984,6.110000000000014,-0.18999999999999773,high,very_high,low,very_high,average,average,2
2024-02-02,10.214285714285714,1.154296875,490.23,496.05,489.83,494.27,10.214285714285714,Friday,3.6899999999999977,5.430000000000007,-5.079999999999984,very_high,high,very_high,low,very_high,average,0
2024-02-05,1.2964458804523424,4.310344827586207,493.235,494.3778,490.23,492.58,4.310344827586207,Monday,4.039999999999964,6.220000000000027,3.6899999999999977,very_high,very_high,high,very_high,low,very_high,1
2024-02-06,1.0904761904761906,2.896551724137931,494.14,494.32,492.05,493.97,2.896551724137931,Tuesday,-0.6550000000000296,4.147799999999961,4.039999999999964,high,very_high,very_high,high,very_high,low,3
2024-02-07,4.0256410256410255,1.0,495.56,498.53,495.36,498.05,4.0256410256410255,Wednesday,-0.16999999999995907,2.269999999999982,-0.6550000000000296,very_high,high,very_high,very_high,high,very_high,4
2024-02-08,1.1217105263157896,1.1708860759493671,497.86,498.71,497.26,498.4,1.1708860759493671,Thursday,2.490000000000009,3.169999999999959,-0.16999999999995907,low,very_high,high,very_high,very_high,high,2
2024-02-09,2.5238095238095237,1.0056818181818181,499.21,501.65,498.75,501.18,2.5238095238095237,Friday,0.5399999999999636,1.4499999999999886,2.490000000000009,high,low,very_high,high,very_high,very_high,0
2024-02-12,4.238095238095238,1.4569420035149383,501.34,503.5,500.24,500.94,4.238095238095238,Monday,1.9700000000000273,2.8999999999999773,0.5399999999999636,very_high,high,low,very_high,high,very_high,1
2024-02-13,1.4532374100719425,2.508928571428571,494.27,495.85,490.715,494.14,2.508928571428571,Tuesday,-0.39999999999997726,3.259999999999991,1.9700000000000273,high,very_high,high,low,very_high,high,3
2024-02-14,1.4452054794520548,1.6625,496.67,499.07,494.4,498.625,1.6625,Wednesday,-0.12999999999999545,5.135000000000048,-0.39999999999997726,average,high,very_high,high,low,very_high,4
2024-02-15,2.4523809523809526,1.1635111876075732,499.61,502.2,498.795,501.95,2.4523809523809526,Thursday,1.954999999999984,4.670000000000016,-0.12999999999999545,high,average,high,very_high,high,low,2
2024-02-16,1.5976331360946747,2.1818181818181817,500.825,502.87,498.75,499.49,2.1818181818181817,Friday,2.339999999999975,3.4049999999999727,1.954999999999984,high,high,average,high,very_high,high,0
2024-02-20,1.1562156215621562,1.7721518987341771,496.71,497.3,494.45,496.74,1.7721518987341771,Tuesday,-1.3349999999999795,4.1200000000000045,2.339999999999975,average,high,high,average,high,very_high,3
2024-02-21,1.310344827586207,1.3157894736842106,495.18,497.37,493.56,497.17,1.3157894736842106,Wednesday,0.03000000000002956,2.8500000000000227,-1.3349999999999795,low,average,high,high,average,high,4
2024-02-22,7.968749999999999,1.076388888888889,503.69,508.49,503.68,507.53,7.968749999999999,Thursday,1.990000000000009,3.8100000000000023,0.03000000000002956,very_high,low,average,high,high,average,2
2024-02-23,1.0,3.5,510.09,510.13,507.1,507.82,3.5,Friday,3.839999999999975,4.810000000000002,1.990000000000009,high,very_high,low,average,high,high,0
2024-02-26,1.0410852713178294,1.9176470588235293,508.17,508.52,505.86,505.99,1.9176470588235293,Monday,-2.269999999999982,3.0299999999999727,3.839999999999975,average,high,very_high,low,average,high,1
2024-02-27,1.3095238095238095,1.2650602409638556,505.77,507.16,504.75,506.87,1.3095238095238095,Tuesday,-2.180000000000007,2.659999999999968,-2.269999999999982,low,average,high,very_high,low,average,3
2024-02-28,1.5428571428571431,1.130841121495327,505.64,506.855,504.96,506.19,1.5428571428571431,Wednesday,1.1000000000000227,2.410000000000025,-2.180000000000007,average,low,average,high,very_high,low,4
2024-02-29,1.1276785714285715,3.148148148148148,508.45,509.74,505.35,508.0,3.148148148148148,Thursday,0.5500000000000114,1.8950000000000387,1.1000000000000227,high,average,low,average,high,very_high,2
2024-03-01,7.030303030303029,1.0025,509.04,513.29,508.56,512.84,7.030303030303029,Friday,-0.44999999999998863,4.389999999999986,0.5500000000000114,very_high,high,average,low,average,high,0
2024-03-04,2.32,1.0846153846153845,512.38,514.2,512.07,512.25,2.32,Monday,3.8000000000000114,4.729999999999961,-0.44999999999998863,high,very_high,high,average,low,average,1
2024-03-05,1.0991304347826087,10.785714285714285,509.91,510.7,504.91,507.15,10.785714285714285,Tuesday,-0.12999999999999545,2.1299999999999955,3.8000000000000114,very_high,high,very_high,high,average,low,3
2024-03-06,1.5820895522388059,1.543478260869565,510.15,512.069,508.42,509.8,1.5820895522388059,Wednesday,-2.7600000000000477,5.789999999999964,-0.12999999999999545,average,very_high,high,very_high,high,average,4
2024-03-07,3.5937499999999996,1.1188475390156063,512.785,515.89,509.8053,514.87,3.5937499999999996,Thursday,-0.3499999999999659,3.648999999999944,-2.7600000000000477,high,average,very_high,high,very_high,high,2
2024-03-08,1.9117647058823528,9.19047619047619,516.55,518.2201,511.13,511.76,9.19047619047619,Friday,2.0850000000000364,6.084699999999998,-0.3499999999999659,very_high,high,average,very_high,high,very_high,0
2024-03-11,1.2666666666666666,2.5135135135135136,510.56,511.88,508.5,511.26,2.5135135135135136,Monday,-4.789999999999964,7.090100000000007,2.0850000000000364,high,very_high,high,average,very_high,high,1
2024-03-12,5.857142857142858,1.2671875,511.4,517.38,510.86,516.81,5.857142857142858,Tuesday,0.6999999999999886,3.3799999999999955,-4.789999999999964,very_high,high,very_high,high,average,very_high,3
2024-03-13,1.2816091954022988,1.3627906976744186,516.2,517.29,514.49,515.99,1.3627906976744186,Wednesday,5.409999999999968,6.519999999999982,0.6999999999999886,low,very_high,high,very_high,high,average,4
2024-03-14,1.2526315789473683,5.161290322580646,516.73,516.84,511.82,514.95,5.161290322580646,Thursday,-0.21000000000003638,2.7999999999999545,5.409999999999968,very_high,low,very_high,high,very_high,high,2
2024-03-15,1.3020833333333335,1.3254716981132075,509.83,511.7,508.122,509.74,1.3254716981132075,Friday,-1.7799999999999727,5.020000000000039,-0.21000000000003638,low,very_high,low,very_high,high,very_high,0
2024-03-18,1.2808988764044942,1.391304347826087,514.385,515.48,512.44,512.87,1.391304347826087,Monday,-0.08999999999997499,3.5779999999999745,-1.7799999999999727,low,low,very_high,low,very_high,high,1
2024-03-19,6.363636363636363,1.0521861777150916,511.38,515.995,511.22,515.76,6.363636363636363,Tuesday,-1.5149999999999864,3.0399999999999636,-0.08999999999997499,very_high,low,low,very_high,low,very_high,3
2024-03-20,3.27027027027027,1.3928571428571428,515.32,520.62,515.08,520.42,3.27027027027027,Wednesday,4.3799999999999955,4.774999999999977,-1.5149999999999864,high,very_high,low,low,very_high,low,4
2024-03-21,1.1377551020408163,1.4058823529411766,523.5,524.11,521.91,522.11,1.4058823529411766,Thursday,5.099999999999909,5.539999999999964,4.3799999999999955,low,high,very_high,low,low,very_high,2
2024-03-22,1.212264150943396,1.302469135802469,521.79,522.605,520.97,521.27,1.302469135802469,Friday,-1.3899999999999864,2.2000000000000455,5.099999999999909,low,low,high,very_high,low,low,0
2024-03-25,1.8000000000000003,1.059379217273954,519.745,520.95,519.615,519.81,1.8000000000000003,Monday,-0.5199999999999818,1.634999999999991,-1.3899999999999864,average,low,low,high,very_high,low,1
2024-03-26,1.08359133126935,2.716417910447761,521.165,521.58,518.4,518.66,2.716417910447761,Tuesday,0.06499999999994088,1.3350000000000364,-0.5199999999999818,high,average,low,low,high,very_high,3
2024-03-27,1.4174757281553398,2.875,521.44,523.2,519.485,523.17,2.875,Wednesday,-2.5049999999999955,3.1800000000000637,0.06499999999994088,high,high,average,low,low,high,4
2024-03-28,1.4903846153846154,1.1145251396648046,523.28,524.61,522.8,523.12,1.4903846153846154,Thursday,1.7299999999999045,3.715000000000032,-2.5049999999999955,low,high,high,average,low,low,2
2024-04-01,1.014840182648402,5.638888888888888,524.21,524.38,520.97,522.22,5.638888888888888,Monday,-0.15999999999996817,1.8100000000000591,1.7299999999999045,very_high,low,high,high,average,low,1
2024-04-02,1.3775510204081634,1.510204081632653,517.47,518.98,516.48,518.85,1.510204081632653,Tuesday,-1.990000000000009,3.409999999999968,-0.15999999999996817,average,very_high,low,high,high,average,3
2024-04-03,3.7941176470588234,1.3077956989247312,518.31,520.95,517.77,519.36,3.7941176470588234,Wednesday,1.3799999999999955,2.5,-1.990000000000009,high,average,very_high,low,high,high,4
2024-04-04,1.1083333333333334,33.21739130434782,523.14,523.8674,512.755,513.03,33.21739130434782,Thursday,1.0500000000000682,3.1800000000000637,1.3799999999999955,very_high,high,average,very_high,low,high,2
2024-04-05,5.838709677419355,1.0315789473684212,515.38,520.44,514.89,518.4,5.838709677419355,Friday,-10.110000000000014,11.11239999999998,1.0500000000000682,very_high,very_high,high,average,very_high,low,0
2024-04-08,1.5425531914893618,1.389776357827476,518.7,520.18,517.89,518.67,1.5425531914893618,Monday,3.019999999999982,5.550000000000068,-10.110000000000014,average,very_high,very_high,high,average,very_high,1
2024-04-09,1.2048300536672631,12.590909090909092,519.82,520.0,514.35,519.29,12.590909090909092,Tuesday,-0.030000000000086402,2.2899999999999636,3.019999999999982,very_high,average,very_high,very_high,high,average,3
2024-04-10,1.371571072319202,1.2823529411764707,514.06,516.16,512.09,514.16,1.371571072319202,Wednesday,-0.5300000000000864,5.649999999999977,-0.030000000000086402,low,very_high,average,very_high,very_high,high,4
2024-04-11,4.705882352941177,1.9565217391304348,514.37,519.48,512.08,518.05,4.705882352941177,Thursday,0.10000000000002274,4.069999999999936,-0.5300000000000864,very_high,low,very_high,average,very_high,very_high,2
2024-04-12,1.0689655172413794,5.296296296296296,515.18,515.815,509.08,510.82,5.296296296296296,Friday,3.67999999999995,7.399999999999977,0.10000000000002274,very_high,very_high,low,very_high,average,very_high,0
2024-04-15,1.0043165467625899,22.333333333333336,515.06,515.215,503.58,504.5,22.333333333333336,Monday,-4.359999999999957,6.7350000000000705,3.67999999999995,very_high,very_high,very_high,low,very_high,average,1
2024-04-16,1.30019120458891,1.1474358974358974,503.89,506.5,502.21,503.49,1.30019120458891,Tuesday,-10.559999999999945,11.635000000000048,-4.359999999999957,low,very_high,very_high,very_high,low,very_high,3
2024-04-17,1.2265917602996255,7.454545454545454,505.96,506.22,499.12,500.5,7.454545454545454,Wednesday,-0.39999999999997726,4.2900000000000205,-10.559999999999945,very_high,low,very_high,very_high,very_high,low,4
2024-04-18,2.9166666666666665,1.2512437810945276,500.36,504.13,498.56,499.48,2.9166666666666665,Thursday,-5.4599999999999795,7.100000000000023,-0.39999999999997726,high,very_high,low,very_high,very_high,very_high,2
2024-04-19,1.0884848484848486,3.673076923076923,500.019,500.455,493.86,495.1,3.673076923076923,Friday,-0.8799999999999955,5.569999999999993,-5.4599999999999795,high,high,very_high,low,very_high,very_high,0
2024-04-22,5.6,1.477272727272727,497.29,502.38,495.43,499.63,5.6,Monday,-4.918999999999983,6.59499999999997,-0.8799999999999955,very_high,high,high,very_high,low,very_high,1
2024-04-23,5.1923076923076925,1.030800821355236,501.97,506.09,499.5328,505.64,5.1923076923076925,Tuesday,2.339999999999975,6.949999999999989,-4.918999999999983,very_high,very_high,high,high,very_high,low,3
2024-04-24,1.086068563092633,3.0,506.98,507.37,503.13,505.47,3.0,Wednesday,3.669999999999959,6.557199999999966,2.339999999999975,high,very_high,very_high,high,high,very_high,4
2024-04-25,3.837209302325581,1.326086956521739,499.14,504.27,497.49,503.44,3.837209302325581,Thursday,-1.509999999999991,4.240000000000009,3.669999999999959,high,high,very_high,very_high,high,high,2
2024-04-26,1.9508196721311475,1.0742857142857143,506.9,509.88,506.9,508.24,1.9508196721311475,Friday,4.300000000000011,6.779999999999973,-1.509999999999991,average,high,high,very_high,very_high,high,0
2024-04-29,1.5526315789473684,1.3317073170731708,509.3,510.63,507.25,510.05,1.5526315789473684,Monday,1.3400000000000318,2.980000000000018,4.300000000000011,average,average,high,high,very_high,very_high,1
2024-04-30,1.097536945812808,5.3478260869565215,509.43,509.56,502.03,502.04,5.3478260869565215,Tuesday,0.75,3.3799999999999955,1.3400000000000318,very_high,average,average,high,high,very_high,3
2024-05-01,4.363636363636363,1.4814814814814814,501.01,508.19,499.865,500.25,4.363636363636363,Wednesday,-7.389999999999986,7.53000000000003,0.75,very_high,very_high,average,average,high,high,4
2024-05-02,1.7687074829931975,1.827586206896552,502.5,505.89,499.55,505.02,1.827586206896552,Thursday,-0.7599999999999909,8.324999999999989,-7.389999999999986,average,very_high,very_high,average,average,high,2
2024-05-03,1.1842105263157894,1.6639344262295082,511.04,512.55,508.56,511.29,1.6639344262295082,Friday,2.519999999999982,6.339999999999975,-0.7599999999999909,average,average,very_high,very_high,average,average,0
2024-05-06,1.6037735849056602,1.058974358974359,514.18,516.61,513.7,516.6,1.6037735849056602,Monday,0.25,3.9899999999999523,2.519999999999982,average,average,average,very_high,very_high,average,1
2024-05-07,1.241206030150754,1.2619047619047619,517.56,518.57,516.45,517.2,1.2619047619047619,Tuesday,2.4200000000000728,2.909999999999968,0.25,low,average,average,average,very_high,very_high,3
2024-05-08,2.340909090909091,1.099537037037037,515.88,517.74,515.84,517.19,2.340909090909091,Wednesday,-0.35999999999989996,2.1200000000000045,2.4200000000000728,high,low,average,average,average,very_high,4
2024-05-09,4.590909090909091,1.0257171117705242,517.0,520.2074,516.88,520.13,4.590909090909091,Thursday,1.3100000000000591,1.8999999999999773,-0.35999999999989996,very_high,high,low,average,average,average,2
2024-05-10,1.1666666666666667,3.142857142857143,522.26,522.635,519.59,520.84,3.142857142857143,Friday,3.1299999999999955,3.3274000000000115,1.3100000000000591,high,very_high,high,low,average,average,0
2024-05-13,1.1481481481481481,1.4406779661016949,521.42,521.845,519.74,520.91,1.4406779661016949,Monday,-1.419999999999959,3.044999999999959,3.1299999999999955,low,high,very_high,high,low,average,1
2024-05-14,1.875,1.2938931297709924,521.53,523.83,520.56,523.29,1.875,Tuesday,-0.5099999999999909,2.105000000000018,-1.419999999999959,average,low,high,very_high,high,low,3
2024-05-15,4.026315789473684,1.141025641025641,526.17,530.08,525.18,529.76,4.026315789473684,Wednesday,1.759999999999991,3.2700000000000955,-0.5099999999999909,very_high,average,low,high,very_high,high,4
2024-05-16,2.2142857142857144,1.431654676258993,530.02,531.5218,528.54,528.66,2.2142857142857144,Thursday,3.590000000000032,4.900000000000091,1.759999999999991,high,very_high,average,low,high,very_high,2
2024-05-17,1.2686567164179103,1.2777777777777777,528.56,529.52,527.32,529.43,1.2777777777777777,Friday,-1.3600000000000136,2.981800000000021,3.590000000000032,low,high,very_high,average,low,high,0
2024-05-20,2.5142857142857147,1.3757575757575757,530.14,531.5601,529.17,530.02,2.5142857142857147,Monday,0.8700000000000045,2.199999999999932,-1.3600000000000136,high,low,high,very_high,average,low,1
2024-05-21,1.6500000000000001,1.089939024390244,529.66,531.52,529.33,531.32,1.6500000000000001,Tuesday,-0.12000000000000455,2.390100000000075,0.8700000000000045,average,high,low,high,very_high,average,3
2024-05-22,1.1923076923076923,4.0,531.06,531.38,527.6,529.82,4.0,Wednesday,1.6600000000000819,2.189999999999941,-0.12000000000000455,high,average,high,low,high,very_high,4
2024-05-23,1.1309030654515326,14.363636363636365,531.68,531.72,524.72,525.95,14.363636363636365,Thursday,-1.2399999999998954,3.7799999999999727,1.6600000000000819,very_high,high,average,high,low,high,2
2024-05-24,3.129032258064516,1.4666666666666668,527.91,530.27,526.881,529.5,3.129032258064516,Friday,-5.7299999999999045,7.0,-1.2399999999998954,high,very_high,high,average,high,low,0
2024-05-28,1.099562363238512,3.019607843137255,529.9,530.295,527.11,529.87,3.019607843137255,Tuesday,1.5900000000000318,3.38900000000001,-5.7299999999999045,high,high,very_high,high,average,high,3
2024-05-29,1.9047619047619049,1.032103825136612,525.51,527.31,525.37,526.11,1.9047619047619049,Wednesday,-0.029999999999972715,3.1849999999999454,1.5900000000000318,average,high,high,very_high,high,average,4
2024-05-30,1.169811320754717,1.8270676691729324,524.38,525.2,521.33,522.63,1.8270676691729324,Thursday,0.6000000000000227,1.9399999999999409,-0.029999999999972715,average,average,high,high,very_high,high,2
2024-05-31,1.2154882154882154,9.999999999999998,524.63,527.5,518.36,527.35,9.999999999999998,Friday,-1.75,3.8700000000000045,0.6000000000000227,very_high,average,average,high,high,very_high,0
2024-06-03,1.0963341858482523,11.538461538461538,528.68,529.31,522.6,527.77,11.538461538461538,Monday,2.7200000000000273,9.139999999999986,-1.75,very_high,very_high,average,average,high,high,1
2024-06-04,2.321428571428571,1.3256880733944953,526.4,529.15,524.96,528.35,2.321428571428571,Tuesday,-0.9099999999999682,6.709999999999923,2.7200000000000273,high,very_high,very_high,average,average,high,3
2024-06-05,5.391304347826087,1.5294117647058822,530.24,534.69,528.7254,534.65,5.391304347826087,Wednesday,1.9500000000000455,4.189999999999941,-0.9099999999999682,very_high,high,very_high,very_high,average,average,4
2024-06-06,1.052364864864865,2.227272727272727,535.38,535.41,532.68,534.63,2.227272727272727,Thursday,4.409999999999968,5.9646000000000186,1.9500000000000455,high,very_high,high,very_high,very_high,average,2
2024-06-07,2.9142857142857146,1.3275862068965518,533.72,536.89,533.49,533.96,2.9142857142857146,Friday,-0.75,2.730000000000018,4.409999999999968,high,high,very_high,high,very_high,very_high,0
2024-06-10,3.7,1.0,532.84,535.99,532.57,535.65,3.7,Monday,0.2400000000000091,3.3999999999999773,-0.75,high,high,high,very_high,high,very_high,1
2024-06-11,4.3125,1.6333333333333333,533.21,537.01,532.05,536.91,4.3125,Tuesday,2.8099999999999454,3.419999999999959,0.2400000000000091,very_high,high,high,high,very_high,high,3
2024-06-12,2.0,1.4243243243243242,542.66,544.12,540.3,541.34,2.0,Wednesday,3.699999999999932,4.960000000000036,2.8099999999999454,average,very_high,high,high,high,very_high,4
2024-06-13,1.1559485530546625,3.4285714285714284,542.62,543.325,539.59,542.4,3.4285714285714284,Thursday,-1.3199999999999363,3.82000000000005,3.699999999999932,high,average,very_high,high,high,high,2
2024-06-14,1.1970802919708028,1.8888888888888888,541.34,542.81,539.85,542.73,1.8888888888888888,Friday,-0.22000000000002728,3.7350000000000136,-1.3199999999999363,average,high,average,very_high,high,high,0
2024-06-17,18.52173913043478,1.0978260869565217,542.2,548.53,541.6072,547.05,18.52173913043478,Monday,1.3899999999999864,2.9599999999999227,-0.22000000000002728,very_high,average,high,average,very_high,high,1
2024-06-18,1.1013215859030838,1.3193277310924372,547.86,548.62,546.73,548.49,1.3193277310924372,Tuesday,4.849999999999909,6.922799999999938,1.3899999999999864,low,very_high,average,high,average,very_high,3
2024-06-20,1.026936026936027,5.222222222222221,549.9401,550.12,545.18,546.95,5.222222222222221,Thursday,0.6299999999999955,1.8899999999999864,4.849999999999909,very_high,low,very_high,average,high,average,2
2024-06-21,1.5866666666666667,1.0572727272727274,543.84,545.65,543.02,544.13,1.5866666666666667,Friday,-2.990099999999984,4.940000000000055,0.6299999999999955,average,very_high,low,very_high,average,high,0
2024-06-24,4.96,1.2467270896273919,543.89,546.95,542.63,542.65,4.96,Monday,0.2899999999999636,2.6299999999999955,-2.990099999999984,very_high,average,very_high,low,very_high,average,1
2024-06-25,1.4875621890547266,1.2666666666666666,543.65,545.2,542.44,544.78,1.4875621890547266,Tuesday,-1.240000000000009,4.32000000000005,0.2899999999999636,low,very_high,average,very_high,low,very_high,3
2024-06-26,2.0,1.1224862888482632,543.64,546.24,543.03,545.52,2.0,Wednesday,1.1299999999999955,2.759999999999991,-1.240000000000009,average,low,very_high,average,very_high,low,4
2024-06-27,1.1748878923766817,2.0384615384615383,546.66,546.96,544.61,546.35,2.0384615384615383,Thursday,1.8799999999999955,3.2100000000000364,1.1299999999999955,high,average,low,very_high,average,very_high,2
2024-06-28,3.0999999999999996,2.6590909090909087,547.87,550.28,542.95,544.09,3.0999999999999996,Friday,-0.30999999999994543,2.3500000000000227,1.8799999999999955,high,high,average,low,very_high,average,0
2024-07-01,1.1275773195876289,3.7857142857142856,545.07,545.88,542.52,545.37,3.7857142857142856,Monday,-3.7799999999999727,7.329999999999927,-0.30999999999994543,high,high,high,average,low,very_high,1
2024-07-02,3.138888888888889,1.1756756756756754,545.14,548.98,544.47,548.97,3.138888888888889,Tuesday,0.2999999999999545,3.3600000000000136,-3.7799999999999727,high,high,high,high,average,low,3
2024-07-03,2.549019607843137,1.0210526315789474,549.25,551.83,548.88,551.46,2.549019607843137,Wednesday,3.830000000000041,4.509999999999991,0.2999999999999545,high,high,high,high,high,average,4
2024-07-05,3.137931034482759,1.1704545454545454,552.21,555.05,551.12,554.7,3.137931034482759,Friday,2.2100000000000364,2.9500000000000455,3.830000000000041,high,high,high,high,high,high,0
2024-07-08,1.096296296296296,1.781456953642384,555.85,556.2501,554.19,555.34,1.781456953642384,Monday,2.490000000000009,3.92999999999995,2.2100000000000364,average,high,high,high,high,high,1
2024-07-09,1.2,1.3447488584474885,556.46,557.18,555.52,555.85,1.3447488584474885,Tuesday,-0.5099999999999909,2.0600999999999203,2.490000000000009,low,average,high,high,high,high,3
2024-07-10,6.027777777777778,1.0526315789473684,557.01,561.67,556.77,561.26,6.027777777777778,Wednesday,-0.6100000000000136,1.6599999999999682,-0.5099999999999909,very_high,low,average,high,high,high,4
2024-07-11,1.0764331210191083,10.1,561.97,562.33,555.83,556.42,10.1,Thursday,4.25,4.899999999999977,-0.6100000000000136,very_high,very_high,low,average,high,high,2
2024-07-12,11.379310344827587,1.0279627163781624,557.585,563.67,557.44,559.9,11.379310344827587,Friday,-5.550000000000068,6.5,4.25,very_high,very_high,very_high,low,average,high,0
2024-07-15,3.7142857142857144,1.3009118541033435,561.89,564.8371,559.63,561.49,3.7142857142857144,Monday,2.314999999999941,6.2299999999999045,-5.550000000000068,high,very_high,very_high,very_high,low,average,1
2024-07-16,1.3783783783783783,1.3703703703703702,563.11,565.16,562.1,564.845,1.3783783783783783,Tuesday,-0.39999999999997726,5.2070999999999685,2.314999999999941,low,high,very_high,very_high,very_high,low,3
2024-07-17,1.205128205128205,2.1333333333333333,559.43,560.51,556.61,556.95,2.1333333333333333,Wednesday,1.7350000000000136,3.0599999999999454,-0.39999999999997726,high,low,high,very_high,very_high,very_high,4
2024-07-18,1.391304347826087,14.227272727272727,558.02,559.52,550.43,552.66,14.227272727272727,Thursday,-2.4799999999999045,3.8999999999999773,1.7350000000000136,very_high,high,low,high,very_high,very_high,2
2024-07-19,1.0626959247648902,3.1666666666666665,552.9,553.55,547.91,548.93,3.1666666666666665,Friday,-5.360000000000014,9.090000000000032,-2.4799999999999045,high,very_high,high,low,high,very_high,0
2024-07-22,1.392070484581498,1.9444444444444444,553.53,555.27,551.02,554.65,1.9444444444444444,Monday,-3.9700000000000273,5.639999999999986,-5.360000000000014,average,high,very_high,high,low,high,1
2024-07-23,1.168284789644013,1.28,555.61,556.735,553.275,553.72,1.28,Tuesday,1.1200000000000045,4.25,-3.9700000000000273,low,average,high,very_high,high,low,3
2024-07-24,1.0413983440662375,7.65625,547.97,548.35,540.29,541.21,7.65625,Wednesday,-1.8899999999999864,3.4600000000000364,1.1200000000000045,very_high,low,average,high,very_high,high,4
2024-07-25,5.413793103448277,2.6785714285714284,540.88,547.455,537.45,538.34,5.413793103448277,Thursday,-6.759999999999991,8.06000000000006,-1.8899999999999864,very_high,very_high,low,average,high,very_high,2
2024-07-26,2.416666666666667,1.1049949031600408,543.0,547.19,541.67,544.38,2.416666666666667,Friday,-2.5399999999999636,10.004999999999995,-6.759999999999991,high,very_high,very_high,low,average,high,0
2024-07-29,1.1796747967479675,1.7718631178707225,546.0,547.05,542.72,544.76,1.7718631178707225,Monday,1.3799999999999955,5.5200000000000955,-2.5399999999999636,average,high,very_high,very_high,low,average,1
2024-07-30,1.036046511627907,11.12,546.59,546.64,538.515,541.91,11.12,Tuesday,-1.240000000000009,4.329999999999927,1.3799999999999955,very_high,average,high,very_high,very_high,low,3
2024-07-31,2.8985507246376816,1.0,547.76,553.5,547.76,550.44,2.8985507246376816,Wednesday,-4.680000000000064,8.125,-1.240000000000009,high,very_high,average,high,very_high,very_high,4
2024-08-01,1.1074589127686472,30.999999999999996,554.6,554.8688,539.43,543.04,30.999999999999996,Thursday,2.6800000000000637,5.740000000000009,-4.680000000000064,very_high,high,very_high,average,high,very_high,2
2024-08-02,1.0424710424710426,6.125,536.16,536.67,528.6,531.255,6.125,Friday,-11.56000000000006,15.438800000000015,2.6800000000000637,very_high,very_high,high,very_high,average,high,0
2024-08-05,2.1263736263736264,1.0031746031746032,514.11,523.58,510.945,519.66,2.1263736263736264,Monday,-4.904999999999973,8.069999999999936,-11.56000000000006,high,very_high,very_high,high,very_high,average,1
2024-08-06,6.032786885245902,1.0326197757390418,518.52,529.75,517.87,522.19,6.032786885245902,Tuesday,5.5499999999999545,12.635000000000048,-4.904999999999973,very_high,high,very_high,very_high,high,very_high,3
2024-08-07,1.3846153846153846,8.02127659574468,529.85,531.59,518.0519,518.65,8.02127659574468,Wednesday,3.6700000000000728,11.879999999999995,5.5499999999999545,very_high,very_high,high,very_high,very_high,high,4
2024-08-08,3.7674418604651168,1.0,523.01,531.29,521.84,530.63,3.7674418604651168,Thursday,-11.200000000000045,13.538099999999986,3.6700000000000728,high,very_high,very_high,high,very_high,very_high,2
2024-08-09,2.0114285714285716,1.0847457627118644,529.26,534.51,528.56,532.91,2.0114285714285716,Friday,7.6200000000000045,9.449999999999932,-11.200000000000045,high,high,very_high,very_high,high,very_high,0
2024-08-12,2.4166666666666665,1.2916666666666667,532.06,535.73,530.95,533.25,2.4166666666666665,Monday,3.6499999999999773,5.9500000000000455,7.6200000000000045,high,high,high,very_high,very_high,high,1
2024-08-13,3.028571428571429,1.2265758091993186,537.6,542.28,536.33,542.0,3.028571428571429,Tuesday,1.1900000000000546,4.779999999999973,3.6499999999999773,high,high,high,high,very_high,very_high,3
2024-08-14,1.7338709677419355,1.215686274509804,541.67,544.96,540.12,543.78,1.7338709677419355,Wednesday,4.399999999999977,5.949999999999932,1.1900000000000546,average,high,high,high,high,very_high,4
2024-08-15,3.282051282051282,1.0734055354993983,549.32,553.36,548.88,553.0678,3.282051282051282,Thursday,2.1100000000000136,4.840000000000032,4.399999999999977,high,average,high,high,high,high,2
2024-08-16,1.8789808917197452,1.1357409713574098,551.97,555.02,551.645,554.21,1.8789808917197452,Friday,3.747799999999984,4.480000000000018,2.1100000000000136,average,high,average,high,high,high,0
2024-08-19,3.6999999999999997,1.1221945137157108,555.19,559.58,553.86,559.56,3.6999999999999997,Monday,2.240000000000009,3.375,3.747799999999984,high,average,high,average,high,high,1
2024-08-20,1.441176470588235,2.4375,560.11,560.84,557.325,558.62,2.4375,Tuesday,4.369999999999891,5.720000000000027,2.240000000000009,high,high,average,high,average,high,3
2024-08-21,1.6724137931034484,1.4575,560.02,562.11,557.99,560.7,1.6724137931034484,Wednesday,-1.490000000000009,3.5149999999999864,4.369999999999891,average,high,high,average,high,average,4
2024-08-22,1.0,12.136363636363637,562.73,563.18,554.98,556.21,12.136363636363637,Thursday,0.6800000000000637,4.1200000000000045,-1.490000000000009,very_high,average,high,high,average,high,2
2024-08-23,2.4166666666666665,1.3666134185303513,559.32,563.09,557.29,562.09,2.4166666666666665,Friday,-6.519999999999982,8.199999999999932,0.6800000000000637,high,very_high,average,high,high,average,0
2024-08-26,1.0,3.888888888888889,563.36,563.48,559.05,560.73,3.888888888888889,Monday,2.769999999999982,5.800000000000068,-6.519999999999982,high,high,very_high,average,high,high,1
2024-08-27,2.846153846153846,1.0113960113960114,558.93,562.06,558.503,561.5318,2.846153846153846,Tuesday,-2.6299999999999955,4.430000000000064,2.769999999999982,high,high,high,very_high,average,high,3
2024-08-28,1.048780487804878,5.52,560.985,561.39,555.04,558.33,5.52,Wednesday,2.6018000000000256,3.5569999999999027,-2.6299999999999955,very_high,high,high,high,very_high,average,4
2024-08-29,2.947368421052632,1.6566037735849055,559.71,563.68,557.18,558.315,2.947368421052632,Thursday,-2.6549999999999727,6.350000000000023,2.6018000000000256,high,very_high,high,high,high,very_high,2
2024-08-30,1.1859939759036144,3.0909090909090904,561.62,564.2,557.14,563.57,3.0909090909090904,Friday,-1.3949999999999818,6.5,-2.6549999999999727,high,high,very_high,high,high,high,0
2024-09-03,1.0,17.73913043478261,559.68,559.69,549.51,552.16,17.73913043478261,Tuesday,1.9500000000000455,7.060000000000059,-1.3949999999999818,very_high,high,high,very_high,high,high,3
2024-09-04,1.6166666666666667,1.3043478260869565,551.52,554.43,549.46,550.84,1.6166666666666667,Wednesday,-7.519999999999982,10.180000000000064,1.9500000000000455,average,very_high,high,high,very_high,high,4
2024-09-05,1.257172131147541,2.473118279569892,551.6,553.7995,547.1,549.57,2.473118279569892,Thursday,-0.67999999999995,4.969999999999914,-7.519999999999982,high,average,very_high,high,high,very_high,2
2024-09-06,1.0,7.733333333333333,549.9226,550.65,539.44,540.43,7.733333333333333,Friday,-2.0299999999999727,6.699499999999944,-0.67999999999995,very_high,high,average,very_high,high,high,0
2024-09-09,1.8157894736842106,1.4066666666666665,544.67,547.71,542.68,546.42,1.8157894736842106,Monday,-9.492600000000039,11.209999999999923,-2.0299999999999727,average,very_high,high,average,very_high,high,1
2024-09-10,1.1582984658298465,4.695652173913044,548.5,549.15,543.38,548.82,4.695652173913044,Tuesday,1.75,5.030000000000086,-9.492600000000039,very_high,average,very_high,high,average,very_high,3
2024-09-11,6.956521739130435,4.68,546.16,555.36,539.96,554.36,6.956521739130435,Wednesday,0.32000000000005,5.769999999999982,1.75,very_high,very_high,average,very_high,high,average,4
2024-09-12,3.2580645161290325,1.32,554.69,559.4,552.74,559.02,3.2580645161290325,Thursday,8.200000000000045,15.399999999999977,0.32000000000005,high,very_high,very_high,average,very_high,high,2
2024-09-13,1.4545454545454544,1.1134593993325916,560.83,563.03,559.93,561.94,1.4545454545454544,Friday,4.329999999999927,6.659999999999968,8.200000000000045,low,high,very_high,very_high,average,very_high,0
2024-09-16,1.9333333333333333,1.1663244353182751,561.05,563.11,559.9,562.86,1.9333333333333333,Monday,1.1100000000000136,3.1000000000000227,4.329999999999927,average,low,high,very_high,very_high,average,1
2024-09-17,1.183673469387755,2.8333333333333335,565.17,566.58,560.795,563.1,2.8333333333333335,Tuesday,1.8100000000000591,3.2100000000000364,1.1100000000000136,high,average,low,high,very_high,very_high,3
2024-09-18,1.4057142857142857,1.96,563.31,568.69,560.83,561.33,1.96,Wednesday,-2.0699999999999363,5.785000000000082,1.8100000000000591,average,high,average,low,high,very_high,4
2024-09-19,2.172413793103448,1.0,569.17,572.88,568.08,570.92,2.172413793103448,Thursday,-1.9799999999999045,7.860000000000014,-2.0699999999999363,high,average,high,average,low,high,2
2024-09-20,1.1857707509881423,1.5889570552147239,567.84,569.31,565.17,568.1,1.5889570552147239,Friday,1.75,4.7999999999999545,-1.9799999999999045,average,high,average,high,average,low,0
2024-09-23,1.2492307692307691,1.1273148148148147,568.94,570.3325,568.1,569.6,1.2492307692307691,Monday,0.2599999999999909,4.139999999999986,1.75,low,average,high,average,high,average,1
2024-09-24,1.3647798742138364,2.103448275862069,569.8399,571.36,567.6,571.24,2.103448275862069,Tuesday,0.6599999999999682,2.232499999999959,0.2599999999999909,high,low,average,high,average,high,3
2024-09-25,1.092436974789916,2.130952380952381,571.39,571.89,568.91,570.0,2.130952380952381,Wednesday,1.4001000000000658,3.759999999999991,0.6599999999999682,high,high,low,average,high,average,4
2024-09-26,1.0689252336448598,2.8125,573.61,574.15,569.9,572.29,2.8125,Thursday,-1.3899999999999864,2.980000000000018,1.4001000000000658,high,high,high,low,average,high,2
2024-09-27,1.4727272727272727,1.6706586826347307,572.91,574.22,570.42,571.41,1.6706586826347307,Friday,-1.32000000000005,4.25,-1.3899999999999864,average,high,high,high,low,average,0
2024-09-30,1.2762863534675617,1.6853932584269662,570.99,574.38,568.08,574.02,1.6853932584269662,Monday,-1.5,3.800000000000068,-1.32000000000005,average,average,high,high,high,low,1
2024-10-01,1.2229417206290472,2.295774647887324,570.21,574.0622,566.0,568.69,2.295774647887324,Tuesday,3.0299999999999727,6.2999999999999545,-1.5,high,average,average,high,high,high,3
2024-10-02,4.24,1.0084033613445378,565.33,569.9,565.28,568.85,4.24,Wednesday,-1.5199999999999818,8.062199999999962,3.0299999999999727,very_high,high,average,average,high,high,4
2024-10-03,1.3162705667276051,1.2918367346938775,567.27,569.8025,565.49,567.78,1.3162705667276051,Thursday,3.519999999999982,4.6200000000000045,-1.5199999999999818,low,very_high,high,average,average,high,2
2024-10-04,1.2175925925925926,2.1495327102803734,571.89,573.36,568.1,572.91,2.1495327102803734,Friday,0.5099999999999909,4.3125,3.519999999999982,high,low,very_high,high,average,average,0
2024-10-07,1.135265700483092,3.808510638297873,571.05,571.9599,566.63,567.81,3.808510638297873,Monday,1.0199999999999818,5.259999999999991,0.5099999999999909,high,high,low,very_high,high,average,1
2024-10-08,3.4285714285714284,1.068,569.97,573.78,569.5299,573.13,3.4285714285714284,Tuesday,-3.240000000000009,5.329899999999952,1.0199999999999818,high,high,high,low,very_high,high,3
2024-10-09,7.666666666666668,1.0,573.165,577.71,573.11,577.1,7.666666666666668,Wednesday,3.159999999999968,4.250099999999975,-3.240000000000009,very_high,high,high,high,low,very_high,4
2024-10-10,1.7580645161290325,1.0735694822888284,575.31,577.58,574.49,576.1,1.7580645161290325,Thursday,3.935000000000059,4.600000000000023,3.159999999999968,average,very_high,high,high,high,low,2
2024-10-11,5.161290322580646,1.1208955223880597,576.83,580.33,576.73,579.55,5.161290322580646,Friday,0.7900000000000773,3.090000000000032,3.935000000000059,very_high,average,very_high,high,high,high,0
2024-10-14,3.2363636363636363,1.0426229508196723,582.11,585.27,582.04,584.28,3.2363636363636363,Monday,2.7199999999999136,3.6000000000000227,0.7900000000000773,high,very_high,average,very_high,high,high,1
2024-10-15,1.0150375939849623,8.125,584.36,584.83,578.545,579.79,8.125,Tuesday,2.169999999999959,3.230000000000018,2.7199999999999136,very_high,high,very_high,average,very_high,high,3
2024-10-16,4.190476190476191,1.1336971350613916,579.09,582.83,578.96,582.24,4.190476190476191,Wednesday,-4.57000000000005,6.285000000000082,2.169999999999959,very_high,very_high,high,very_high,average,very_high,4
2024-10-17,1.0701754385964912,1.5486725663716816,584.26,585.0,582.16,582.28,1.5486725663716816,Thursday,3.1499999999999773,3.8700000000000045,-4.57000000000005,average,very_high,very_high,high,very_high,average,2
2024-10-18,1.4140127388535033,1.296296296296296,583.8637,585.39,582.98,584.57,1.4140127388535033,Friday,-1.9800000000000182,2.840000000000032,3.1499999999999773,low,average,very_high,very_high,high,very_high,0
2024-10-21,1.2371134020618557,4.863636363636364,584.03,584.85,580.6001,583.67,4.863636363636364,Monday,0.7063000000000557,2.409999999999968,-1.9800000000000182,very_high,low,average,very_high,very_high,high,1
2024-10-22,3.1666666666666665,1.051930758988016,580.95,584.5,580.8003,583.32,3.1666666666666665,Tuesday,-0.36000000000001364,4.249900000000025,0.7063000000000557,high,very_high,low,average,very_high,very_high,3
2024-10-23,1.0285714285714287,13.478260869565217,581.18,581.64,574.415,577.93,13.478260869565217,Wednesday,2.3700000000000045,3.699700000000007,-0.36000000000001364,very_high,high,very_high,low,average,very_high,4
2024-10-24,1.1634756995581739,2.096385542168675,579.095,579.93,576.57,579.18,2.096385542168675,Thursday,-3.25,7.225000000000023,2.3700000000000045,high,very_high,high,very_high,low,average,2
2024-10-25,2.4634146341463414,5.91304347826087,582.555,584.46,578.08,579.015,5.91304347826087,Friday,0.08499999999992269,3.3599999999999,-3.25,very_high,high,very_high,high,very_high,low,0
2024-10-28,1.2101910828025477,1.260377358490566,581.65,582.5,580.52,580.77,1.260377358490566,Monday,-3.5399999999999636,6.3799999999999955,0.08499999999992269,low,very_high,high,very_high,high,very_high,1
2024-10-29,3.409090909090909,1.0098870056497176,579.3301,582.907,578.94,581.7,3.409090909090909,Tuesday,-0.8799999999999955,1.9800000000000182,-3.5399999999999636,high,low,very_high,high,very_high,high,3
2024-10-30,2.5348837209302326,1.1029411764705883,579.765,583.32,579.38,579.97,2.5348837209302326,Wednesday,2.3699000000000296,3.9669999999999845,-0.8799999999999955,high,high,low,very_high,high,very_high,4
2024-10-31,1.0419447092469019,4.0625,575.02,575.02,568.44,568.55,4.0625,Thursday,0.20500000000004093,3.9400000000000546,2.3699000000000296,very_high,high,high,low,very_high,high,2
2024-11-01,2.3666666666666667,1.2857142857142856,572.8,575.55,570.62,571.02,2.3666666666666667,Friday,-6.470000000000027,6.579999999999927,0.20500000000004093,high,very_high,high,high,low,very_high,0
2024-11-04,1.3,1.8037383177570092,571.03,572.5,567.89,569.77,1.8037383177570092,Monday,-1.7799999999999727,4.92999999999995,-6.470000000000027,average,high,very_high,high,high,low,1
2024-11-05,4.2105263157894735,1.1118012422360248,572.22,576.71,572.05,576.68,4.2105263157894735,Tuesday,-1.259999999999991,4.610000000000014,-1.7799999999999727,very_high,average,high,very_high,high,high,3
2024-11-06,1.9384615384615385,1.7272727272727273,587.91,591.93,585.39,591.04,1.9384615384615385,Wednesday,4.459999999999923,4.660000000000082,-1.259999999999991,average,very_high,average,high,very_high,high,4
2024-11-07,1.857142857142857,1.0716049382716049,593.19,596.65,593.05,595.55,1.857142857142857,Thursday,3.1299999999999955,6.539999999999964,4.459999999999923,average,average,very_high,average,high,very_high,2
2024-11-08,3.6363636363636367,1.0854870775347911,596.46,599.64,596.2801,598.24,3.6363636363636367,Friday,2.3599999999999,3.6000000000000227,3.1299999999999955,high,average,average,very_high,average,high,0
2024-11-11,1.1171366594360086,1.7575757575757573,599.39,599.9599,597.0,598.72,1.7575757575757573,Monday,1.7799999999999727,3.3599000000000387,2.3599999999999,average,high,average,average,very_high,average,1
2024-11-12,1.093635698610095,6.111111111111111,599.04,599.09,594.37,596.87,6.111111111111111,Tuesday,-0.6699999999999591,2.959899999999948,1.7799999999999727,very_high,average,high,average,average,very_high,3
2024-11-13,1.4946236559139783,2.166666666666667,597.705,599.23,594.96,597.17,2.166666666666667,Wednesday,-2.169999999999959,4.720000000000027,-0.6699999999999591,high,very_high,average,high,average,average,4
2024-11-14,1.2436974789915967,2.2682926829268295,595.91,596.9711,592.65,593.37,2.2682926829268295,Thursday,-0.5350000000000819,4.269999999999982,-2.169999999999959,high,high,very_high,average,high,average,2
2024-11-15,1.0,5.527777777777778,589.3,590.1,583.86,585.7,5.527777777777778,Friday,-2.5399999999999636,4.321100000000001,-0.5350000000000819,very_high,high,high,very_high,average,high,0
2024-11-18,3.923076923076923,1.1325301204819278,586.1,589.49,585.3603,588.14,3.923076923076923,Monday,-3.599999999999909,6.240000000000009,-2.5399999999999636,high,very_high,high,high,very_high,average,1
2024-11-19,6.3125,1.150793650793651,585.68,591.045,584.03,590.29,6.3125,Tuesday,2.0399999999999636,4.129699999999957,-3.599999999999909,very_high,high,very_high,high,high,very_high,3
2024-11-20,1.295945945945946,2.0476190476190474,588.27,590.79,584.63,590.51,2.0476190476190474,Wednesday,4.610000000000014,7.014999999999986,2.0399999999999636,high,very_high,high,very_high,high,high,4
2024-11-21,3.1063829787234045,2.035714285714285,589.875,595.12,587.45,593.61,3.1063829787234045,Thursday,2.240000000000009,6.159999999999968,4.610000000000014,high,high,very_high,high,very_high,high,2
2024-11-22,1.093655589123867,1.7073170731707317,595.61,596.15,593.1525,595.48,1.7073170731707317,Friday,3.7350000000000136,7.669999999999959,2.240000000000009,average,high,high,very_high,high,very_high,0
2024-11-25,1.0,8.61904761904762,600.49,600.75,595.2,597.45,8.61904761904762,Monday,-0.12999999999999545,2.9974999999999454,3.7350000000000136,very_high,average,high,high,very_high,high,1
2024-11-26,1.66,1.1325301204819276,598.77,601.33,598.07,600.74,1.66,Tuesday,-3.0399999999999636,5.5499999999999545,-0.12999999999999545,average,very_high,average,high,high,very_high,3
2024-11-27,1.0407986111111112,2.7564102564102564,600.58,600.8494,597.28,598.79,2.7564102564102564,Wednesday,1.9700000000000273,3.259999999999991,-3.0399999999999636,high,average,very_high,average,high,high,4
2024-11-29,4.7555555555555555,1.0,600.31,603.35,600.07,602.55,4.7555555555555555,Friday,-1.7900000000000773,3.5693999999999733,1.9700000000000273,very_high,high,average,very_high,average,high,0
2024-12-02,1.4044444444444446,1.1506276150627615,602.895,604.32,602.47,603.65,1.4044444444444446,Monday,2.240000000000009,3.2799999999999727,-1.7900000000000773,low,very_high,high,average,very_high,average,1
2024-12-03,1.3642384105960266,1.172680412371134,602.88,604.16,602.341,603.85,1.3642384105960266,Tuesday,0.7549999999999955,1.8500000000000227,2.240000000000009,low,low,very_high,high,average,very_high,3
2024-12-04,2.1891891891891895,1.1398176291793314,605.7,607.91,604.95,607.61,2.1891891891891895,Wednesday,0.9700000000000273,1.81899999999996,0.7549999999999955,high,low,low,very_high,high,average,4
2024-12-05,1.2736842105263158,1.376543209876543,607.65,608.48,606.305,606.61,1.376543209876543,Thursday,1.9099999999999682,2.9599999999999227,0.9700000000000273,low,high,low,low,very_high,high,2
2024-12-06,1.6122448979591837,1.455,608.2,609.07,607.02,607.88,1.6122448979591837,Friday,-1.0399999999999636,2.175000000000068,1.9099999999999682,average,low,high,low,low,very_high,0
2024-12-09,1.0449438202247192,5.586206896551725,607.33,607.58,604.08,604.66,5.586206896551725,Monday,-0.32000000000005,2.050000000000068,-1.0399999999999636,very_high,average,low,high,low,low,1
2024-12-10,1.3108108108108107,2.8444444444444446,604.91,605.8,602.13,602.87,2.8444444444444446,Tuesday,-2.6700000000000728,3.5,-0.32000000000005,high,very_high,average,low,high,low,3
2024-12-11,3.4390243902439024,1.0771992818671454,606.01,608.435,605.96,607.5,3.4390243902439024,Wednesday,-2.0399999999999636,3.669999999999959,-2.6700000000000728,high,high,very_high,average,low,high,4
2024-12-12,1.2597402597402598,1.876923076923077,606.39,607.16,604.34,604.35,1.876923076923077,Thursday,1.490000000000009,2.474999999999909,-2.0399999999999636,average,high,high,very_high,average,low,2
2024-12-13,1.002063273727648,8.76,606.83,607.13,602.81,604.26,8.76,Friday,-2.0399999999999636,2.8199999999999363,1.490000000000009,very_high,average,high,high,very_high,average,0
2024-12-16,3.2307692307692304,1.0635838150289016,605.75,607.7795,605.21,606.775,3.2307692307692304,Monday,-2.57000000000005,4.32000000000005,-2.0399999999999636,high,very_high,average,high,high,very_high,1
2024-12-17,1.1555555555555554,1.7714285714285716,604.5,605.17,602.885,604.24,1.7714285714285716,Tuesday,1.0249999999999773,2.569499999999948,-2.57000000000005,average,high,very_high,average,high,high,3
2024-12-18,2.1785714285714284,43.17241379310345,603.83,606.405,585.89,586.3,43.17241379310345,Wednesday,-0.2599999999999909,2.284999999999968,1.0249999999999773,very_high,average,high,very_high,average,high,4
2024-12-19,1.105297157622739,1.844504021447721,591.16,592.06,585.85,586.12,1.844504021447721,Thursday,-17.530000000000086,20.514999999999986,-0.2599999999999909,average,very_high,average,high,very_high,average,2
2024-12-20,23.958333333333336,1.163265306122449,582.87,595.75,580.91,590.87,23.958333333333336,Friday,-5.039999999999964,6.209999999999923,-17.530000000000086,very_high,average,very_high,average,high,very_high,0
2024-12-23,2.48,2.2758620689655173,590.57,595.3,587.661,594.78,2.48,Monday,8.0,14.840000000000032,-5.039999999999964,high,very_high,average,very_high,average,high,1
2024-12-24,9.285714285714286,1.0,596.8,601.34,596.57,601.3,9.285714285714286,Tuesday,4.209999999999923,7.63900000000001,8.0,very_high,high,very_high,average,very_high,average,3
2024-12-26,1.9649122807017547,1.125301204819277,599.87,602.48,598.0825,601.25,1.9649122807017547,Thursday,4.5,4.769999999999982,4.209999999999923,average,very_high,high,very_high,average,very_high,2
2024-12-27,1.1363636363636365,6.384615384615384,596.51,597.63,590.7647,594.99,6.384615384615384,Friday,1.3799999999999955,4.397500000000036,4.5,very_high,average,very_high,high,very_high,average,0
2024-12-30,3.631578947368421,1.2905982905982907,586.17,591.74,584.41,588.23,3.631578947368421,Monday,-1.5199999999999818,6.8653000000000475,1.3799999999999955,high,very_high,average,very_high,high,very_high,1
2024-12-31,1.2340425531914894,2.1048387096774195,589.15,590.6399,584.42,586.01,2.1048387096774195,Tuesday,2.060000000000059,7.330000000000041,-1.5199999999999818,high,high,very_high,average,very_high,high,3
2025-01-02,2.205128205128205,3.8309178743961354,587.15,591.13,580.5,584.58,3.8309178743961354,Thursday,-3.1399999999999864,6.219900000000052,2.060000000000059,high,high,high,very_high,average,very_high,2
2025-01-03,1.7688172043010753,1.6791044776119401,589.2808,592.6,586.43,591.87,1.7688172043010753,Friday,-2.5699999999999363,10.629999999999995,-3.1399999999999864,average,high,high,high,very_high,average,0
2025-01-06,1.8775510204081634,2.2169811320754715,597.19,599.7,593.6,595.4,2.2169811320754715,Monday,2.5892000000000053,6.170000000000073,-2.5699999999999363,high,average,high,high,high,very_high,1
2025-01-07,1.1187669990933817,17.82608695652174,596.91,597.3049,586.78,588.72,17.82608695652174,Tuesday,-1.7900000000000773,6.100000000000023,2.5892000000000053,very_high,high,average,high,high,high,3
2025-01-08,1.378162450066578,1.434108527131783,587.76,590.5799,585.195,589.42,1.434108527131783,Wednesday,-8.18999999999994,10.524900000000002,-1.7900000000000773,low,very_high,high,average,high,high,4
2025-01-10,1.3395348837209302,3.555555555555556,584.52,584.91,578.55,580.51,3.555555555555556,Friday,1.6599999999999682,5.384899999999902,-8.18999999999994,high,low,very_high,high,average,high,0
2025-01-13,1.9312169312169312,1.1282722513089005,576.85,581.75,575.68,581.54,1.9312169312169312,Monday,-4.009999999999991,6.360000000000014,1.6599999999999682,average,high,low,very_high,high,average,1
2025-01-14,1.173943173943174,5.366666666666667,584.79,584.939,578.35,582.19,5.366666666666667,Tuesday,4.689999999999941,6.07000000000005,-4.009999999999991,very_high,average,high,low,very_high,high,3
2025-01-15,1.508130081300813,1.2741935483870965,591.16,593.94,589.5,592.78,1.508130081300813,Wednesday,-2.599999999999909,6.588999999999942,4.689999999999941,average,very_high,average,high,low,very_high,4
2025-01-16,1.1675238795003675,1.4129353233830846,593.15,594.35,590.93,591.7,1.4129353233830846,Thursday,1.6200000000000045,4.440000000000055,-2.599999999999909,low,average,very_high,average,high,low,2
2025-01-17,2.25,1.054054054054054,596.13,599.36,595.9,597.57,2.25,Friday,-1.4499999999999318,3.4200000000000728,1.6200000000000045,high,low,average,very_high,average,high,0
2025-01-21,1.6790123456790123,1.3424657534246576,600.17,602.98,598.67,602.92,1.6790123456790123,Tuesday,1.4400000000000546,3.4600000000000364,-1.4499999999999318,average,high,low,average,very_high,average,3
2025-01-22,2.340425531914894,1.0223684210526316,605.79,607.82,605.63,606.34,2.340425531914894,Wednesday,2.75,4.310000000000059,1.4400000000000546,high,average,high,low,average,very_high,4
2025-01-23,2.033333333333333,1.136150234741784,606.18,609.74,605.62,609.71,2.033333333333333,Thursday,0.5500000000000682,2.1900000000000546,2.75,high,high,average,high,low,average,2
2025-01-24,1.0571428571428572,3.129032258064516,610.26,610.78,606.8,607.95,3.129032258064516,Friday,3.5300000000000864,4.1200000000000045,0.5500000000000682,high,high,high,average,high,low,0
2025-01-27,1.3804347826086958,1.2109181141439205,597.61,599.69,596.03,599.41,1.3804347826086958,Monday,-2.3099999999999454,3.980000000000018,3.5300000000000864,low,high,high,high,average,high,1
2025-01-28,8.692307692307692,1.0451680672268908,598.41,605.37,597.25,604.49,8.692307692307692,Tuesday,1.7999999999999545,3.660000000000082,-2.3099999999999454,very_high,low,high,high,high,average,3
2025-01-29,1.2307692307692308,2.4347826086956523,602.67,604.13,599.22,601.8,2.4347826086956523,Wednesday,6.080000000000041,8.120000000000005,1.7999999999999545,high,very_high,low,high,high,high,4
2025-01-30,1.3365079365079366,3.176470588235294,604.44,606.6,600.715,604.98,3.176470588235294,Thursday,-0.8700000000000045,4.909999999999968,6.080000000000041,high,high,very_high,low,high,high,2
2025-01-31,2.0476190476190474,7.185185185185184,607.76,609.96,601.05,601.8,7.185185185185184,Friday,0.5399999999999636,5.884999999999991,-0.8700000000000045,very_high,high,high,very_high,low,high,0
2025-02-03,4.107142857142857,1.654054054054054,593.38,600.29,590.49,597.65,4.107142857142857,Monday,-5.960000000000036,8.910000000000082,0.5399999999999636,very_high,very_high,high,high,very_high,low,1
2025-02-04,2.193181818181818,1.0274093722369584,598.215,602.3,597.95,601.76,2.193181818181818,Tuesday,4.269999999999982,9.799999999999955,-5.960000000000036,high,very_high,very_high,high,high,very_high,3
2025-02-05,1.8896551724137933,1.316831683168317,600.86,604.37,598.58,604.17,1.8896551724137933,Wednesday,3.544999999999959,4.349999999999909,4.269999999999982,average,high,very_high,very_high,high,high,4
2025-02-06,1.0323529411764705,1.8269230769230769,605.64,606.4525,602.63,606.34,1.8269230769230769,Thursday,3.3099999999999454,5.789999999999964,3.544999999999959,average,average,high,very_high,very_high,high,2
2025-02-07,1.1018518518518516,9.571428571428571,607.51,608.13,600.05,600.78,9.571428571428571,Friday,0.7000000000000455,3.822499999999991,3.3099999999999454,very_high,average,average,high,very_high,very_high,0
2025-02-10,1.6020408163265307,1.0897435897435899,603.09,605.4999,602.811,604.79,1.6020408163265307,Monday,-6.730000000000018,8.080000000000041,0.7000000000000455,average,very_high,average,average,high,very_high,1
2025-02-11,1.6625,1.1013333333333333,603.41,605.86,602.7,605.21,1.6625,Tuesday,1.6999999999999318,2.6888999999999896,-6.730000000000018,average,average,very_high,average,average,high,3
2025-02-12,2.941176470588235,1.2083333333333333,600.58,604.55,599.58,603.36,2.941176470588235,Wednesday,1.8000000000000682,3.159999999999968,1.6999999999999318,high,average,average,very_high,average,average,4
2025-02-13,6.594594594594595,1.0,604.45,609.94,603.88,609.69,6.594594594594595,Thursday,2.7799999999999727,4.969999999999914,1.8000000000000682,very_high,high,average,average,very_high,average,2
2025-02-14,1.0464632454923717,1.3396226415094339,610.38,610.99,609.07,609.7,1.3396226415094339,Friday,5.240000000000009,6.060000000000059,2.7799999999999727,low,very_high,high,average,average,very_high,0
2025-02-18,1.1198957428323197,1.4976958525345623,610.185,611.38,608.38,611.35,1.4976958525345623,Tuesday,-0.67999999999995,1.919999999999959,5.240000000000009,low,low,very_high,high,average,average,3
2025-02-19,4.481481481481481,1.162162162162162,610.04,613.23,609.56,612.9,4.481481481481481,Wednesday,1.1650000000000773,3.0,-0.67999999999995,very_high,low,low,very_high,high,average,4
2025-02-20,1.2090628218331616,5.413793103448277,610.545,610.7,607.02,610.39,5.413793103448277,Thursday,2.8600000000000136,3.6700000000000728,1.1650000000000773,very_high,very_high,low,low,very_high,high,2
2025-02-21,1.0656697009102731,20.6,609.25,609.59,599.47,600.0,20.6,Friday,-0.15499999999997272,3.6800000000000637,2.8600000000000136,very_high,very_high,very_high,low,low,very_high,0
2025-02-24,1.2565597667638484,2.956521739130435,601.08,601.85,596.49,597.2,2.956521739130435,Monday,-9.25,10.120000000000005,-0.15499999999997272,high,very_high,very_high,very_high,low,low,1
2025-02-25,1.371754932502596,4.230769230769231,596.4,596.87,589.56,594.21,4.230769230769231,Tuesday,-3.8799999999999955,5.360000000000014,-9.25,very_high,high,very_high,very_high,very_high,low,3
2025-02-26,1.909090909090909,1.7094017094017095,595.93,599.58,591.8556,594.43,1.909090909090909,Wednesday,-2.189999999999941,7.310000000000059,-3.8799999999999955,average,very_high,high,very_high,very_high,very_high,4
2025-02-27,1.4141829393627954,5.7857142857142865,595.48,596.52,584.65,585.04,5.7857142857142865,Thursday,-1.5,7.72440000000006,-2.189999999999941,very_high,average,very_high,high,very_high,very_high,2
2025-02-28,1.8688981868898187,1.3116089613034623,585.92,594.72,582.44,594.07,1.8688981868898187,Friday,-10.440000000000055,11.870000000000005,-1.5,average,very_high,average,very_high,high,very_high,0
2025-03-03,1.089820359281437,20.318181818181817,594.84,595.65,579.9,583.97,20.318181818181817,Monday,8.150000000000091,12.279999999999973,-10.440000000000055,very_high,average,very_high,average,very_high,high,1
2025-03-04,1.8783542039355994,1.9306122448979592,578.44,585.39,572.25,576.87,1.9306122448979592,Tuesday,-10.870000000000005,15.75,8.150000000000091,average,very_high,average,very_high,average,very_high,3
2025-03-05,1.9552845528455283,1.8299319727891157,578.5,584.88,573.0795,583.05,1.9552845528455283,Wednesday,-1.57000000000005,13.139999999999986,-10.870000000000005,average,average,very_high,average,very_high,average,4
2025-03-06,2.6885245901639343,1.3727087576374746,573.65,580.1736,570.12,572.8,2.6885245901639343,Thursday,4.5499999999999545,11.800499999999943,-1.57000000000005,high,average,average,very_high,average,very_high,2
2025-03-07,1.21580547112462,2.5460526315789473,573.825,577.39,565.63,575.85,2.5460526315789473,Friday,-0.8500000000000227,10.05359999999996,4.5499999999999545,high,high,average,average,very_high,average,0
2025-03-10,1.0084033613445378,6.492063492063492,569.17,569.46,555.59,560.75,6.492063492063492,Monday,2.0249999999999773,11.759999999999991,-0.8500000000000227,very_high,high,high,average,average,very_high,1
2025-03-11,1.3428362573099417,2.8662420382165603,560.68,564.02,552.02,556.12,2.8662420382165603,Tuesday,-8.419999999999959,13.870000000000005,2.0249999999999773,high,very_high,high,high,average,average,3
2025-03-12,1.1658894070619588,2.311926605504587,560.66,561.9,553.69,558.91,2.311926605504587,Wednesday,-4.559999999999945,12.0,-8.419999999999959,high,high,very_high,high,high,average,4
2025-03-13,1.2655601659751037,3.152777777777778,557.13,559.105,549.68,551.51,3.152777777777778,Thursday,-1.75,8.209999999999923,-4.559999999999945,high,high,high,very_high,high,high,2
2025-03-14,1.9444444444444444,1.2894736842105263,558.21,563.83,551.4917,562.79,1.9444444444444444,Friday,-5.6200000000000045,9.425000000000068,-1.75,average,high,high,high,very_high,high,0
2025-03-17,1.740890688259109,1.6233333333333333,565.8996,569.71,562.8,567.02,1.740890688259109,Monday,4.579999999999927,12.338300000000004,-5.6200000000000045,average,average,high,high,high,very_high,1
2025-03-18,1.0715760495526498,1.397142857142857,561.72,562.28,559.06,561.05,1.397142857142857,Tuesday,1.1204000000000178,6.910000000000082,4.579999999999927,low,average,average,high,high,high,3
2025-03-19,4.333333333333334,1.1527663088356732,561.92,570.95,561.8601,567.01,4.333333333333334,Wednesday,-0.6700000000000728,3.2200000000000273,1.1204000000000178,very_high,low,average,average,high,high,4
2025-03-20,4.0,1.2418300653594772,565.21,570.57,563.7703,565.68,4.0,Thursday,5.090000000000032,9.089900000000057,-0.6700000000000728,high,very_high,low,average,average,high,2
2025-03-21,1.7536534446764092,1.0700280112044818,559.69,564.89,558.03,564.19,1.7536534446764092,Friday,0.4699999999999136,6.79970000000003,5.090000000000032,average,high,very_high,low,average,average,0
2025-03-24,1.609090909090909,1.1153846153846152,572.02,575.15,571.65,574.02,1.609090909090909,Monday,4.5,6.860000000000014,0.4699999999999136,average,average,high,very_high,low,average,1
2025-03-25,1.3817204301075268,1.1355311355311355,574.8,576.41,573.69,575.36,1.3817204301075268,Tuesday,2.0,3.5,4.5,low,average,average,high,very_high,low,3
2025-03-26,1.0157699443413728,16.5,575.805,575.89,567.19,568.74,16.5,Wednesday,0.5600000000000591,2.7199999999999136,2.0,very_high,low,average,average,high,very_high,4
2025-03-27,4.72,1.0914326853851692,565.56,570.9,565.56,567.0,4.72,Thursday,-7.064999999999941,8.699999999999932,0.5600000000000591,very_high,very_high,low,average,average,high,2
2025-03-28,1.0,10.749999999999998,565.04,565.56,555.07,555.83,10.749999999999998,Friday,1.4400000000000546,5.340000000000032,-7.064999999999941,very_high,very_high,very_high,low,average,average,0
2025-03-31,10.791666666666666,1.0,547.42,560.7112,546.87,559.15,10.791666666666666,Monday,-9.209999999999923,10.489999999999895,1.4400000000000546,very_high,very_high,very_high,very_high,low,average,1
2025-04-01,3.09375,1.6103896103896103,556.925,562.94,553.68,561.03,3.09375,Tuesday,11.730000000000018,13.841199999999958,-9.209999999999923,high,very_high,very_high,very_high,very_high,low,3
2025-04-02,4.125,1.0280970625798214,558.8,567.42,558.29,564.65,4.125,Wednesday,4.105000000000018,9.260000000000105,11.730000000000018,very_high,high,very_high,very_high,very_high,very_high,4
2025-04-03,1.0236220472440944,2.1932515337423317,546.32,547.16,536.9,537.64,2.1932515337423317,Thursday,5.850000000000023,9.129999999999995,4.105000000000018,high,very_high,high,very_high,very_high,very_high,2
2025-04-04,1.3047619047619048,3.3432835820895526,520.22,524.49,505.06,505.5,3.3432835820895526,Friday,-8.680000000000064,10.259999999999991,5.850000000000023,high,high,very_high,high,very_high,very_high,0
2025-04-07,8.743961352657006,1.0,483.84,523.17,482.51,504.55,8.743961352657006,Monday,-14.720000000000027,19.430000000000007,-8.680000000000064,very_high,high,high,very_high,high,very_high,1
2025-04-08,1.3883720930232557,13.927083333333332,519.69,524.98,489.16,496.74,13.927083333333332,Tuesday,20.710000000000036,40.65999999999997,-14.720000000000027,very_high,very_high,high,high,very_high,high,3
2025-04-09,15.686868686868687,1.206896551724138,497.5301,546.33,493.05,543.37,15.686868686868687,Wednesday,-22.950000000000045,35.81999999999999,20.710000000000036,very_high,very_high,very_high,high,high,very_high,4
2025-04-10,1.0055710306406684,7.077669902912621,530.1,533.33,509.32,524.7,7.077669902912621,Thursday,45.8399,53.28000000000003,-22.950000000000045,very_high,very_high,very_high,very_high,high,high,2
2025-04-11,1.7595744680851062,1.5625,525.61,536.43,520.07,533.98,1.7595744680851062,Friday,-5.399999999999977,24.010000000000048,45.8399,average,very_high,very_high,very_high,very_high,high,0
2025-04-14,1.2607062359128476,1.7120418848167538,540.75,543.85,533.86,538.97,1.7120418848167538,Monday,8.370000000000005,16.3599999999999,-5.399999999999977,average,average,very_high,very_high,very_high,very_high,1
2025-04-15,1.0833333333333335,1.8423076923076922,541.8,543.23,536.81,537.72,1.8423076923076922,Tuesday,-1.7799999999999727,9.990000000000009,8.370000000000005,average,average,average,very_high,very_high,very_high,3
2025-04-16,1.2545454545454544,5.675324675324675,532.59,537.8854,520.29,525.73,5.675324675324675,Wednesday,-4.079999999999927,6.420000000000073,-1.7799999999999727,very_high,average,average,average,very_high,very_high,4
2025-04-17,1.4060000000000001,1.335195530726257,527.51,531.165,523.91,526.39,1.4060000000000001,Thursday,-6.860000000000014,17.59540000000004,-4.079999999999927,low,very_high,average,average,average,very_high,2
2025-04-21,1.0,5.714285714285714,519.48,519.99,508.46,513.98,5.714285714285714,Monday,-1.1200000000000045,7.2549999999999955,-6.860000000000014,very_high,low,very_high,average,average,average,1
2025-04-22,5.6,1.0084643288996373,521.43,529.305,520.775,526.94,5.6,Tuesday,-5.5,11.53000000000003,-1.1200000000000045,very_high,very_high,low,very_high,average,average,3
2025-04-23,1.1704347826086958,2.4044444444444446,542.63,545.43,533.88,535.41,2.4044444444444446,Wednesday,5.510000000000105,8.529999999999973,-5.5,high,very_high,very_high,low,very_high,average,4
2025-04-24,3.7580645161290325,1.002,537.77,547.43,537.74,546.54,3.7580645161290325,Thursday,-7.220000000000027,11.549999999999955,5.510000000000105,high,high,very_high,very_high,low,very_high,2
2025-04-25,1.6895161290322582,1.3181818181818181,546.43,551.05,543.69,550.52,1.6895161290322582,Friday,8.769999999999982,9.68999999999994,-7.220000000000027,average,high,high,very_high,very_high,low,0
2025-04-28,1.0,4.886075949367088,553.12,553.55,545.02,550.94,4.886075949367088,Monday,4.090000000000032,7.3599999999999,8.769999999999982,very_high,average,high,high,very_high,very_high,1
2025-04-29,2.287128712871287,1.0818181818181818,550.32,555.45,549.41,554.14,2.287128712871287,Tuesday,-2.17999999999995,8.529999999999973,4.090000000000032,high,very_high,average,high,high,very_high,3
2025-04-30,3.185483870967742,1.2825278810408922,543.56,556.52,541.52,554.35,3.185483870967742,Wednesday,3.8199999999999363,6.040000000000077,-2.17999999999995,high,high,very_high,average,high,high,4
2025-05-01,1.597222222222222,1.2219730941704037,560.0263,564.0699,557.86,558.46,1.597222222222222,Thursday,10.790000000000077,15.0,3.8199999999999363,average,high,high,very_high,average,high,2
2025-05-02,1.7346938775510203,1.3076923076923077,564.74,568.38,562.38,566.62,1.7346938775510203,Friday,-1.5662999999999556,6.209899999999948,10.790000000000077,average,average,high,high,very_high,average,0
2025-05-05,2.1411764705882352,1.0,562.51,566.65,561.7,563.53,2.1411764705882352,Monday,1.8799999999999955,6.0,-1.5662999999999556,high,average,average,high,high,very_high,1
2025-05-06,3.071428571428571,1.6551724137931034,559.24,563.3476,556.96,558.8,3.071428571428571,Tuesday,1.0199999999999818,4.949999999999932,1.8799999999999955,high,high,average,average,high,high,3
2025-05-07,1.146953405017921,2.121212121212121,561.0001,563.82,556.04,561.23,2.121212121212121,Wednesday,-0.44000000000005457,6.38760000000002,1.0199999999999818,high,high,high,average,average,high,4
2025-05-08,2.8260869565217392,1.7619047619047619,564.84,570.31,561.7,564.92,2.8260869565217392,Thursday,0.2299000000000433,7.780000000000086,-0.44000000000005457,high,high,high,high,average,average,2
2025-05-09,1.181159420289855,1.972222222222222,566.25,567.36,562.7637,564.29,1.972222222222222,Friday,0.07999999999992724,8.6099999999999,0.2299000000000433,average,high,high,high,high,average,0
2025-05-12,1.6484374999999998,1.2104787714543812,578.84,583.0,577.04,582.84,1.6484374999999998,Monday,-1.9600000000000364,4.596300000000042,0.07999999999992724,average,average,high,high,high,high,1
2025-05-13,3.25,1.0,584.39,589.08,584.04,586.81,3.25,Tuesday,4.0,5.960000000000036,-1.9600000000000364,high,average,average,high,high,high,3
2025-05-14,1.1435897435897435,1.3,587.79,588.5651,585.535,587.56,1.3,Wednesday,2.419999999999959,5.040000000000077,4.0,low,high,average,average,high,high,4
2025-05-15,4.266666666666667,1.059322033898305,586.23,590.97,585.0969,590.41,4.266666666666667,Thursday,-0.2300000000000182,3.0301000000000613,2.419999999999959,very_high,low,high,average,average,high,2
2025-05-16,2.588235294117647,1.263157894736842,590.34,594.5,589.28,594.29,2.588235294117647,Friday,4.17999999999995,5.873100000000022,-0.2300000000000182,high,very_high,low,high,average,average,0
2025-05-19,4.552631578947368,1.0363164721141376,590.48,595.54,588.51,594.94,4.552631578947368,Monday,3.949999999999932,5.220000000000027,4.17999999999995,very_high,high,very_high,low,high,average,1
2025-05-20,1.2209737827715355,1.6666666666666665,593.02,594.05,589.6,592.83,1.6666666666666665,Tuesday,4.460000000000036,7.029999999999973,3.949999999999932,average,very_high,high,very_high,low,high,3
2025-05-21,1.890625,8.695652173913043,589.79,592.58,581.82,582.96,8.695652173913043,Wednesday,-0.18999999999994088,4.449999999999932,4.460000000000036,very_high,average,very_high,high,very_high,low,4
2025-05-22,1.8823529411764706,1.178070898598516,582.69,586.62,581.51,583.03,1.8823529411764706,Thursday,-6.829999999999927,10.759999999999991,-0.18999999999994088,average,very_high,average,very_high,high,very_high,2
2025-05-23,1.8636363636363635,1.0325842696629213,577.17,581.8101,576.07,579.16,1.8636363636363635,Friday,0.33999999999991815,5.110000000000014,-6.829999999999927,average,average,very_high,average,very_high,high,0
2025-05-27,6.545454545454545,1.0183333333333333,585.6,591.31,578.43,591.06,6.545454545454545,Tuesday,1.990000000000009,5.740099999999984,0.33999999999991815,very_high,average,average,very_high,average,very_high,3
2025-05-28,1.0,2.1875,592.445,592.56,586.985,587.71,2.1875,Wednesday,5.459999999999923,12.879999999999995,1.990000000000009,high,very_high,average,average,very_high,average,4
2025-05-29,1.0519125683060109,2.5294117647058822,591.02,592.05,586.07,590.0,2.5294117647058822,Thursday,-4.735000000000014,5.574999999999932,5.459999999999923,high,high,very_high,average,average,very_high,2
2025-05-30,1.8214285714285714,2.20125786163522,587.73,591.1299,583.235,589.47,2.20125786163522,Friday,-1.0199999999999818,5.9799999999999045,-4.735000000000014,high,high,high,very_high,average,average,0
2025-06-02,2.076271186440678,3.12,589.29,592.79,585.06,592.65,3.12,Monday,1.740000000000009,7.894900000000007,-1.0199999999999818,high,high,high,high,very_high,average,1
2025-06-03,3.7575757575757573,1.1605839416058394,593.04,597.08,591.85,596.11,3.7575757575757573,Tuesday,3.3600000000000136,7.730000000000018,1.740000000000009,high,high,high,high,high,very_high,3
2025-06-04,1.0835164835164834,1.4634146341463414,597.38,597.93,595.49,595.9,1.4634146341463414,Wednesday,3.07000000000005,5.230000000000018,3.3600000000000136,low,high,high,high,high,high,4
2025-06-05,1.7078651685393258,1.8848167539267018,595.85,599.0,591.05,593.01,1.8848167539267018,Thursday,-1.4800000000000182,2.439999999999941,3.07000000000005,average,low,high,high,high,high,2
2025-06-06,1.0,2.0411764705882356,600.415,600.83,596.86,599.05,2.0411764705882356,Friday,-2.840000000000032,7.9500000000000455,-1.4800000000000182,high,average,low,high,high,high,0
2025-06-09,1.5774647887323945,1.0459770114942528,599.17,601.25,598.79,599.56,1.5774647887323945,Monday,-1.365000000000009,3.9700000000000273,-2.840000000000032,average,high,average,low,high,high,1
2025-06-10,1.8773584905660377,1.1097410604192355,600.51,603.47,599.09,603.06,1.8773584905660377,Tuesday,0.38999999999998636,2.4600000000000364,-1.365000000000009,average,average,high,average,low,high,3
2025-06-11,1.470198675496689,2.3076923076923075,603.19,605.06,599.27,601.4,2.3076923076923075,Wednesday,2.5499999999999545,4.3799999999999955,0.38999999999998636,high,average,average,high,average,low,4
2025-06-12,2.7307692307692304,1.0993017843289372,600.7,603.72,600.36,603.72,2.7307692307692304,Thursday,-1.7900000000000773,5.789999999999964,2.5499999999999545,high,high,average,average,high,average,2
2025-06-13,1.4265402843601895,2.0697674418604652,599.69,601.85,595.48,596.95,2.0697674418604652,Friday,3.019999999999982,3.3600000000000136,-1.7900000000000773,high,high,high,average,average,high,0
2025-06-16,4.791666666666666,1.1547169811320754,601.37,604.45,601.26,602.71,4.791666666666666,Monday,-2.740000000000009,6.3700000000000045,3.019999999999982,very_high,high,high,high,average,average,1
2025-06-17,1.6296296296296295,2.0,600.0,601.75,596.76,597.55,2.0,Tuesday,1.3400000000000318,3.1900000000000546,-2.740000000000009,average,very_high,high,high,high,average,3
